"transit_timestamp","transit_mode","station_complex_id","station_complex","borough","payment_method","fare_class_category","ridership","transfers","latitude","longitude","Georeference"
"05/11/2024 08:00:00 AM","subway","138","Canarsie-Rockaway Pkwy (L)","Brooklyn","metrocard","Metrocard - Other","11","0","40.646652","-73.90185","POINT (-73.90185 40.646652)"
"05/11/2024 01:00:00 PM","subway","381","Kingsbridge Rd (4)","Bronx","metrocard","Metrocard - Fair Fare","12","1","40.86776","-73.89717","POINT (-73.89717 40.86776)"
"05/11/2024 10:00:00 PM","subway","123","Grand St (L)","Brooklyn","metrocard","Metrocard - Unlimited 7-Day","10","0","40.711926","-73.94067","POINT (-73.94067 40.711926)"
"05/11/2024 09:00:00 PM","subway","386","Mt Eden Av (4)","Bronx","metrocard","Metrocard - Full Fare","5","0","40.844433","-73.91469","POINT (-73.91469 40.844433)"
"05/11/2024 04:00:00 PM","subway","67","20 Av (D)","Brooklyn","metrocard","Metrocard - Unlimited 30-Day","12","0","40.604557","-73.99817","POINT (-73.99817 40.604557)"
"05/11/2024 11:00:00 AM","subway","181","Utica Av (A,C)","Brooklyn","metrocard","Metrocard - Unlimited 30-Day","31","0","40.679363","-73.93073","POINT (-73.93073 40.679363)"
"05/11/2024 01:00:00 PM","subway","354","Sterling St (2,5)","Brooklyn","metrocard","Metrocard - Other","7","0","40.662743","-73.95085","POINT (-73.95085 40.662743)"
"05/11/2024 09:00:00 AM","subway","613","Lexington Av (N,R,W)/59 St (4,5,6)","Manhattan","metrocard","Metrocard - Full Fare","85","20","40.76266","-73.967255","POINT (-73.967255 40.76266)"
"05/11/2024 05:00:00 PM","subway","364","Zerega Av (6)","Bronx","metrocard","Metrocard - Unlimited 30-Day","1","0","40.836487","-73.84704","POINT (-73.84704 40.836487)"
"05/11/2024 07:00:00 AM","subway","380","Bedford Park Blvd-Lehman College (4)","Bronx","metrocard","Metrocard - Seniors & Disability","3","1","40.873413","-73.89006","POINT (-73.89006 40.873413)"
"05/11/2024 09:00:00 PM","subway","96","Kosciuszko St (J)","Brooklyn","metrocard","Metrocard - Full Fare","21","0","40.69334","-73.92882","POINT (-73.92882 40.69334)"
"05/11/2024 05:00:00 AM","subway","437","145 St (3)","Manhattan","metrocard","Metrocard - Fair Fare","2","0","40.82042","-73.93625","POINT (-73.93625 40.82042)"
"05/11/2024 07:00:00 PM","subway","622","Brooklyn Bridge-City Hall (4,5,6)/Chambers St (J,Z)","Manhattan","metrocard","Metrocard - Seniors & Disability","5","0","40.71324","-74.0034","POINT (-74.0034 40.71324)"
"05/11/2024 01:00:00 PM","subway","255","169 St (F)","Queens","metrocard","Metrocard - Unlimited 7-Day","34","0","40.71047","-73.7936","POINT (-73.7936 40.71047)"
"05/11/2024 05:00:00 PM","subway","429","Freeman St (2,5)","Bronx","metrocard","Metrocard - Unlimited 7-Day","4","0","40.829994","-73.89187","POINT (-73.89187 40.829994)"
"05/11/2024 09:00:00 AM","subway","417","Nereid Av (2,5)","Bronx","omny","OMNY - Full Fare","13","1","40.89838","-73.85438","POINT (-73.85438 40.89838)"
"05/11/2024 03:00:00 PM","subway","152","135 St (C,B)","Manhattan","metrocard","Metrocard - Unlimited 30-Day","14","0","40.817894","-73.94765","POINT (-73.94765 40.817894)"
"05/11/2024 03:00:00 PM","subway","4","Broadway (N,W)","Queens","metrocard","Metrocard - Seniors & Disability","18","1","40.76182","-73.92551","POINT (-73.92551 40.76182)"
"05/11/2024 10:00:00 PM","subway","186","Van Siclen Av (C)","Brooklyn","metrocard","Metrocard - Unlimited 7-Day","2","0","40.67271","-73.89036","POINT (-73.89036 40.67271)"
"05/11/2024 10:00:00 AM","subway","343","Nostrand Av (3)","Brooklyn","metrocard","Metrocard - Full Fare","8","0","40.669846","-73.95046","POINT (-73.95046 40.669846)"
"05/11/2024 05:00:00 PM","subway","68","Bay Pkwy (D)","Brooklyn","metrocard","Metrocard - Unlimited 30-Day","29","0","40.601875","-73.99373","POINT (-73.99373 40.601875)"
"05/11/2024 05:00:00 PM","subway","391","138 St-Grand Concourse (4,5)","Bronx","metrocard","Metrocard - Unlimited 7-Day","7","0","40.813225","-73.92985","POINT (-73.92985 40.813225)"
"05/11/2024 11:00:00 AM","subway","193","104 St (A)","Queens","omny","OMNY - Full Fare","22","0","40.68171","-73.837685","POINT (-73.837685 40.68171)"
"05/11/2024 08:00:00 PM","subway","365","Castle Hill Av (6)","Bronx","metrocard","Metrocard - Fair Fare","2","0","40.834255","-73.85122","POINT (-73.85122 40.834255)"
"05/11/2024 02:00:00 PM","subway","10","49 St (N,R,W)","Manhattan","metrocard","Metrocard - Unlimited 30-Day","48","0","40.7599","-73.98414","POINT (-73.98414 40.7599)"
"05/11/2024 06:00:00 AM","subway","223","Lexington Av/63 St (F,Q)","Manhattan","metrocard","Metrocard - Students","1","0","40.76463","-73.96611","POINT (-73.96611 40.76463)"
"05/11/2024 11:00:00 PM","subway","70","Bay 50 St (D)","Brooklyn","metrocard","Metrocard - Seniors & Disability","3","0","40.58884","-73.983765","POINT (-73.983765 40.58884)"
"05/11/2024 01:00:00 PM","subway","192","Rockaway Blvd (A)","Queens","metrocard","Metrocard - Full Fare","96","9","40.680428","-73.84386","POINT (-73.84386 40.680428)"
"05/11/2024 12:00:00 PM","subway","97","Myrtle Av (M,J,Z)","Brooklyn","metrocard","Metrocard - Full Fare","64","0","40.69721","-73.93565","POINT (-73.93565 40.69721)"
"05/11/2024 09:00:00 PM","subway","629","Lorimer St (L)/Metropolitan Av (G)","Brooklyn","metrocard","Metrocard - Other","77","0","40.71406","-73.95027","POINT (-73.95027 40.71406)"
"05/11/2024 07:00:00 AM","subway","423","Allerton Av (2,5)","Bronx","metrocard","Metrocard - Seniors & Disability","5","1","40.865463","-73.867355","POINT (-73.867355 40.865463)"
"05/11/2024 11:00:00 PM","subway","416","Wakefield-241 St (2)","Bronx","metrocard","Metrocard - Fair Fare","2","0","40.903126","-73.85062","POINT (-73.85062 40.903126)"
"05/11/2024 08:00:00 AM","subway","367","St Lawrence Av (6)","Bronx","metrocard","Metrocard - Other","3","0","40.83151","-73.867615","POINT (-73.867615 40.83151)"
"05/11/2024 11:00:00 PM","subway","220","155 St (B,D)","Manhattan","metrocard","Metrocard - Seniors & Disability","2","0","40.830135","-73.93821","POINT (-73.93821 40.830135)"
"05/11/2024 11:00:00 AM","subway","98","Flushing Av (M,J)","Brooklyn","metrocard","Metrocard - Seniors & Disability","22","1","40.70026","-73.941124","POINT (-73.941124 40.70026)"
"05/11/2024 04:00:00 PM","subway","141","Park Pl (S)","Brooklyn","metrocard","Metrocard - Unlimited 7-Day","5","0","40.67477","-73.95763","POINT (-73.95763 40.67477)"
"05/11/2024 03:00:00 PM","subway","69","25 Av (D)","Brooklyn","metrocard","Metrocard - Full Fare","17","2","40.597706","-73.98683","POINT (-73.98683 40.597706)"
"05/11/2024 11:00:00 AM","subway","301","181 St (1)","Manhattan","omny","OMNY - Full Fare","154","11","40.849506","-73.93359","POINT (-73.93359 40.849506)"
"05/11/2024 12:00:00 AM","subway","346","Sutter Av-Rutland Rd (3)","Brooklyn","metrocard","Metrocard - Full Fare","1","0","40.66472","-73.92261","POINT (-73.92261 40.66472)"
"05/11/2024 08:00:00 PM","subway","436","Harlem-148 St (3)","Manhattan","metrocard","Metrocard - Unlimited 30-Day","5","0","40.82388","-73.93647","POINT (-73.93647 40.82388)"
"05/11/2024 10:00:00 AM","subway","65","79 St (D)","Brooklyn","metrocard","Metrocard - Unlimited 7-Day","26","0","40.613503","-74.00061","POINT (-74.00061 40.613503)"
"05/11/2024 12:00:00 PM","subway","149","163 St-Amsterdam Av (C)","Manhattan","metrocard","Metrocard - Fair Fare","11","1","40.836014","-73.939896","POINT (-73.939896 40.836014)"
"05/11/2024 03:00:00 PM","subway","182","Ralph Av (C)","Brooklyn","omny","OMNY - Full Fare","85","2","40.67882","-73.920784","POINT (-73.920784 40.67882)"
"05/11/2024 07:00:00 PM","subway","359","Flatbush Av-Brooklyn College (2,5)","Brooklyn","metrocard","Metrocard - Full Fare","37","8","40.632835","-73.94764","POINT (-73.94764 40.632835)"
"05/11/2024 01:00:00 PM","subway","245","18 Av (F)","Brooklyn","metrocard","Metrocard - Other","1","0","40.629753","-73.976974","POINT (-73.976974 40.629753)"
"05/11/2024 01:00:00 AM","subway","51","Kings Hwy (B,Q)","Brooklyn","metrocard","Metrocard - Seniors & Disability","1","0","40.60867","-73.95773","POINT (-73.95773 40.60867)"
"05/11/2024 06:00:00 AM","subway","48","Avenue H (Q)","Brooklyn","metrocard","Metrocard - Other","1","0","40.62927","-73.96164","POINT (-73.96164 40.62927)"
"05/11/2024 09:00:00 PM","staten_island_railway","501","St George (SIR)","Staten Island","metrocard","Metrocard - Unlimited 7-Day","7","0","40.64375","-74.07365","POINT (-74.07365 40.64375)"
"05/11/2024 07:00:00 PM","subway","195","Ozone Park-Lefferts Blvd (A)","Queens","omny","OMNY - Seniors & Disability","1","0","40.68595","-73.8258","POINT (-73.8258 40.68595)"
"05/11/2024 06:00:00 AM","subway","151","145 St (A,C,B,D)","Manhattan","metrocard","Metrocard - Full Fare","51","0","40.824783","-73.944214","POINT (-73.944214 40.824783)"
"05/11/2024 09:00:00 PM","subway","271","Steinway St (M,R)","Queens","metrocard","Metrocard - Unlimited 30-Day","16","0","40.756878","-73.92074","POINT (-73.92074 40.756878)"
"05/11/2024 05:00:00 PM","subway","103","Bowery (J,Z)","Manhattan","metrocard","Metrocard - Unlimited 7-Day","30","0","40.72028","-73.99391","POINT (-73.99391 40.72028)"
"05/11/2024 05:00:00 AM","subway","358","Newkirk Av-Little Haiti (2,5)","Brooklyn","metrocard","Metrocard - Unlimited 7-Day","16","0","40.63997","-73.94841","POINT (-73.94841 40.63997)"
"05/11/2024 04:00:00 PM","subway","205","Beach 60 St (A)","Queens","metrocard","Metrocard - Other","2","0","40.592373","-73.78852","POINT (-73.78852 40.592373)"
"05/11/2024 05:00:00 AM","subway","39","Bay Ridge-95 St (R)","Brooklyn","omny","OMNY - Full Fare","25","0","40.616623","-74.030876","POINT (-74.030876 40.616623)"
"05/11/2024 07:00:00 PM","subway","254","Jamaica-179 St (F)","Queens","metrocard","Metrocard - Full Fare","47","22","40.712646","-73.78381","POINT (-73.78381 40.712646)"
"05/11/2024 10:00:00 PM","subway","431","Intervale Av (2,5)","Bronx","metrocard","Metrocard - Unlimited 7-Day","1","0","40.82218","-73.896736","POINT (-73.896736 40.82218)"
"05/11/2024 09:00:00 AM","subway","87","Crescent St (J,Z)","Brooklyn","metrocard","Metrocard - Unlimited 30-Day","14","0","40.683193","-73.87379","POINT (-73.87379 40.683193)"
"05/11/2024 08:00:00 AM","subway","448","Mets-Willets Point (7)","Queens","metrocard","Metrocard - Unlimited 7-Day","6","0","40.754623","-73.84563","POINT (-73.84563 40.754623)"
"05/11/2024 07:00:00 AM","subway","91","Alabama Av (J)","Brooklyn","metrocard","Metrocard - Fair Fare","3","0","40.67699","-73.89865","POINT (-73.89865 40.67699)"
"05/11/2024 07:00:00 PM","subway","46","Cortelyou Rd (Q)","Brooklyn","metrocard","Metrocard - Other","3","0","40.640926","-73.96389","POINT (-73.96389 40.640926)"
"05/11/2024 02:00:00 PM","subway","347","Saratoga Av (3)","Brooklyn","metrocard","Metrocard - Unlimited 7-Day","19","0","40.661453","-73.91633","POINT (-73.91633 40.661453)"
"05/11/2024 07:00:00 PM","subway","145","190 St (A)","Manhattan","metrocard","Metrocard - Fair Fare","2","0","40.85902","-73.93418","POINT (-73.93418 40.85902)"
"05/11/2024 09:00:00 AM","subway","168","Spring St (C,E)","Manhattan","metrocard","Metrocard - Unlimited 7-Day","9","0","40.726227","-74.00374","POINT (-74.00374 40.726227)"
"05/11/2024 10:00:00 AM","subway","362","Middletown Rd (6)","Bronx","metrocard","Metrocard - Fair Fare","2","0","40.843864","-73.83632","POINT (-73.83632 40.843864)"
"05/11/2024 12:00:00 AM","subway","350","Pennsylvania Av (3)","Brooklyn","metrocard","Metrocard - Full Fare","1","0","40.664635","-73.8949","POINT (-73.8949 40.664635)"
"05/11/2024 09:00:00 AM","subway","76","Bay Pkwy (N)","Brooklyn","metrocard","Metrocard - Fair Fare","37","2","40.611816","-73.98185","POINT (-73.98185 40.611816)"
"05/11/2024 09:00:00 AM","subway","321","18 St (1)","Manhattan","metrocard","Metrocard - Fair Fare","2","0","40.74104","-73.99787","POINT (-73.99787 40.74104)"
"05/11/2024 03:00:00 PM","subway","453","82 St-Jackson Hts (7)","Queens","metrocard","Metrocard - Full Fare","67","4","40.747658","-73.8837","POINT (-73.8837 40.747658)"
"05/11/2024 09:00:00 AM","subway","122","Graham Av (L)","Brooklyn","metrocard","Metrocard - Seniors & Disability","6","2","40.714565","-73.94405","POINT (-73.94405 40.714565)"
"05/11/2024 04:00:00 PM","subway","359","Flatbush Av-Brooklyn College (2,5)","Brooklyn","metrocard","Metrocard - Seniors & Disability","34","15","40.632835","-73.94764","POINT (-73.94764 40.632835)"
"05/11/2024 08:00:00 PM","subway","58","Coney Island-Stillwell Av (D,F,N,Q)","Brooklyn","metrocard","Metrocard - Unlimited 30-Day","25","0","40.577423","-73.98123","POINT (-73.98123 40.577423)"
"05/11/2024 04:00:00 PM","subway","259","Kew Gardens-Union Tpke (E,F)","Queens","metrocard","Metrocard - Unlimited 30-Day","56","0","40.71444","-73.83101","POINT (-73.83101 40.71444)"
"05/11/2024 03:00:00 PM","subway","109","Fresh Pond Rd (M)","Queens","omny","OMNY - Seniors & Disability","1","0","40.706184","-73.895874","POINT (-73.895874 40.706184)"
"05/11/2024 01:00:00 AM","subway","299","Dyckman St (1)","Manhattan","metrocard","Metrocard - Seniors & Disability","1","0","40.86053","-73.92554","POINT (-73.92554 40.86053)"
"05/11/2024 03:00:00 PM","subway","301","181 St (1)","Manhattan","metrocard","Metrocard - Other","11","1","40.849506","-73.93359","POINT (-73.93359 40.849506)"
"05/11/2024 03:00:00 AM","subway","1","Astoria-Ditmars Blvd (N,W)","Queens","metrocard","Metrocard - Unlimited 30-Day","2","0","40.775036","-73.91203","POINT (-73.91203 40.775036)"
"05/11/2024 12:00:00 PM","subway","234","East Broadway (F)","Manhattan","metrocard","Metrocard - Seniors & Disability","43","3","40.713715","-73.99017","POINT (-73.99017 40.713715)"
"05/11/2024 11:00:00 PM","subway","30","Prospect Av (R)","Brooklyn","omny","OMNY - Full Fare","26","0","40.665413","-73.992874","POINT (-73.992874 40.665413)"
"05/11/2024 06:00:00 PM","subway","77","Kings Hwy (N)","Brooklyn","metrocard","Metrocard - Seniors & Disability","3","0","40.603924","-73.980354","POINT (-73.980354 40.603924)"
"05/11/2024 06:00:00 AM","subway","138","Canarsie-Rockaway Pkwy (L)","Brooklyn","metrocard","Metrocard - Seniors & Disability","2","0","40.646652","-73.90185","POINT (-73.90185 40.646652)"
"05/11/2024 03:00:00 PM","subway","618","14 St (A,C,E)/8 Av (L)","Manhattan","metrocard","Metrocard - Unlimited 30-Day","131","0","40.740894","-74.00169","POINT (-74.00169 40.740894)"
"05/11/2024 05:00:00 PM","subway","71","8 Av (N)","Brooklyn","metrocard","Metrocard - Full Fare","94","2","40.635063","-74.01172","POINT (-74.01172 40.635063)"
"05/11/2024 09:00:00 PM","subway","607","34 St-Herald Sq (B,D,F,M,N,Q,R,W)","Manhattan","omny","OMNY - Full Fare","2,122","21","40.749718","-73.98782","POINT (-73.98782 40.749718)"
"05/11/2024 09:00:00 AM","subway","244","Ditmas Av (F)","Brooklyn","metrocard","Metrocard - Full Fare","15","0","40.63612","-73.97817","POINT (-73.97817 40.63612)"
"05/11/2024 11:00:00 AM","subway","220","155 St (B,D)","Manhattan","metrocard","Metrocard - Other","7","0","40.830135","-73.93821","POINT (-73.93821 40.830135)"
"05/11/2024 10:00:00 AM","subway","373","E 149 St (6)","Bronx","metrocard","Metrocard - Fair Fare","10","0","40.81212","-73.9041","POINT (-73.9041 40.81212)"
"05/11/2024 03:00:00 AM","subway","602","14 St-Union Sq (L,N,Q,R,W,4,5,6)","Manhattan","omny","OMNY - Full Fare","160","0","40.735737","-73.98995","POINT (-73.98995 40.735737)"
"05/11/2024 11:00:00 AM","subway","168","Spring St (C,E)","Manhattan","metrocard","Metrocard - Fair Fare","2","0","40.726227","-74.00374","POINT (-74.00374 40.726227)"
"05/11/2024 08:00:00 PM","subway","269","Northern Blvd (M,R)","Queens","metrocard","Metrocard - Unlimited 7-Day","5","0","40.752884","-73.906006","POINT (-73.906006 40.752884)"
"05/11/2024 08:00:00 AM","subway","374","E 143 St-St Mary's St (6)","Bronx","omny","OMNY - Full Fare","5","0","40.80872","-73.90765","POINT (-73.90765 40.80872)"
"05/11/2024 03:00:00 AM","subway","607","34 St-Herald Sq (B,D,F,M,N,Q,R,W)","Manhattan","metrocard","Metrocard - Unlimited 7-Day","28","0","40.749718","-73.98782","POINT (-73.98782 40.749718)"
"05/11/2024 08:00:00 PM","subway","607","34 St-Herald Sq (B,D,F,M,N,Q,R,W)","Manhattan","metrocard","Metrocard - Seniors & Disability","92","2","40.749718","-73.98782","POINT (-73.98782 40.749718)"
"05/11/2024 10:00:00 AM","subway","32","36 St (D,N,R)","Brooklyn","omny","OMNY - Seniors & Disability","2","0","40.655144","-74.00355","POINT (-74.00355 40.655144)"
"05/11/2024 01:00:00 PM","subway","316","50 St (1)","Manhattan","metrocard","Metrocard - Seniors & Disability","21","1","40.761726","-73.98385","POINT (-73.98385 40.761726)"
"05/11/2024 07:00:00 PM","subway","168","Spring St (C,E)","Manhattan","omny","OMNY - Seniors & Disability","2","0","40.726227","-74.00374","POINT (-74.00374 40.726227)"
"05/11/2024 07:00:00 PM","subway","447","Flushing-Main St (7)","Queens","metrocard","Metrocard - Other","53","3","40.7596","-73.83003","POINT (-73.83003 40.7596)"
"05/11/2024 05:00:00 PM","subway","443","Baychester Av (5)","Bronx","metrocard","Metrocard - Unlimited 30-Day","5","0","40.878662","-73.83859","POINT (-73.83859 40.878662)"
"05/11/2024 05:00:00 PM","subway","66","18 Av (D)","Brooklyn","metrocard","Metrocard - Fair Fare","10","0","40.607952","-74.00174","POINT (-74.00174 40.607952)"
"05/11/2024 04:00:00 PM","subway","405","23 St (6)","Manhattan","metrocard","Metrocard - Full Fare","93","2","40.739864","-73.9866","POINT (-73.9866 40.739864)"
"05/11/2024 11:00:00 PM","subway","391","138 St-Grand Concourse (4,5)","Bronx","metrocard","Metrocard - Fair Fare","1","0","40.813225","-73.92985","POINT (-73.92985 40.813225)"
"05/11/2024 02:00:00 PM","subway","52","Avenue U (Q)","Brooklyn","metrocard","Metrocard - Unlimited 30-Day","32","0","40.5993","-73.95593","POINT (-73.95593 40.5993)"
"05/11/2024 07:00:00 AM","subway","348","Rockaway Av (3)","Brooklyn","metrocard","Metrocard - Other","21","1","40.662548","-73.90894","POINT (-73.90894 40.662548)"
"05/11/2024 04:00:00 AM","subway","279","Sutphin Blvd-Archer Av-JFK Airport (E,J,Z)","Queens","metrocard","Metrocard - Unlimited 30-Day","10","0","40.700485","-73.80797","POINT (-73.80797 40.700485)"
"05/11/2024 07:00:00 AM","subway","76","Bay Pkwy (N)","Brooklyn","omny","OMNY - Seniors & Disability","1","0","40.611816","-73.98185","POINT (-73.98185 40.611816)"
"05/11/2024 12:00:00 PM","subway","345","Crown Hts-Utica Av (3,4)","Brooklyn","omny","OMNY - Seniors & Disability","2","0","40.668896","-73.932945","POINT (-73.932945 40.668896)"
"05/11/2024 07:00:00 AM","subway","180","Kingston-Throop Avs (C)","Brooklyn","metrocard","Metrocard - Seniors & Disability","2","0","40.67992","-73.94086","POINT (-73.94086 40.67992)"
"05/11/2024 03:00:00 PM","subway","387","170 St (4)","Bronx","metrocard","Metrocard - Full Fare","21","1","40.840076","-73.91779","POINT (-73.91779 40.840076)"
"05/11/2024 11:00:00 AM","subway","109","Fresh Pond Rd (M)","Queens","metrocard","Metrocard - Other","8","0","40.706184","-73.895874","POINT (-73.895874 40.706184)"
"05/11/2024 12:00:00 PM","subway","404","28 St (6)","Manhattan","metrocard","Metrocard - Full Fare","61","0","40.74307","-73.98426","POINT (-73.98426 40.74307)"
"05/11/2024 01:00:00 AM","subway","316","50 St (1)","Manhattan","metrocard","Metrocard - Fair Fare","6","0","40.761726","-73.98385","POINT (-73.98385 40.761726)"
"05/11/2024 12:00:00 PM","subway","46","Cortelyou Rd (Q)","Brooklyn","metrocard","Metrocard - Full Fare","34","0","40.640926","-73.96389","POINT (-73.96389 40.640926)"
"05/11/2024 01:00:00 PM","subway","449","111 St (7)","Queens","omny","OMNY - Full Fare","111","3","40.75173","-73.85533","POINT (-73.85533 40.75173)"
"05/11/2024 06:00:00 PM","subway","131","Bushwick Av-Aberdeen St (L)","Brooklyn","metrocard","Metrocard - Seniors & Disability","2","0","40.68283","-73.90525","POINT (-73.90525 40.68283)"
"05/11/2024 04:00:00 PM","subway","471","34 St-Hudson Yards (7)","Manhattan","omny","OMNY - Seniors & Disability","2","0","40.755882","-74.00191","POINT (-74.00191 40.755882)"
"05/11/2024 04:00:00 PM","subway","438","135 St (2,3)","Manhattan","metrocard","Metrocard - Other","18","0","40.814228","-73.94077","POINT (-73.94077 40.814228)"
"05/11/2024 09:00:00 PM","subway","41","7 Av (B,Q)","Brooklyn","metrocard","Metrocard - Unlimited 7-Day","8","0","40.67705","-73.97237","POINT (-73.97237 40.67705)"
"05/11/2024 05:00:00 AM","subway","255","169 St (F)","Queens","metrocard","Metrocard - Seniors & Disability","5","0","40.71047","-73.7936","POINT (-73.7936 40.71047)"
"05/11/2024 09:00:00 PM","subway","316","50 St (1)","Manhattan","omny","OMNY - Seniors & Disability","5","0","40.761726","-73.98385","POINT (-73.98385 40.761726)"
"05/11/2024 04:00:00 PM","subway","279","Sutphin Blvd-Archer Av-JFK Airport (E,J,Z)","Queens","omny","OMNY - Other","11","0","40.700485","-73.80797","POINT (-73.80797 40.700485)"
"05/11/2024 05:00:00 AM","subway","636","Jay St-MetroTech (A,C,F,R)","Brooklyn","metrocard","Metrocard - Full Fare","13","4","40.692337","-73.98734","POINT (-73.98734 40.692337)"
"05/11/2024 12:00:00 PM","subway","160","72 St (C,B)","Manhattan","metrocard","Metrocard - Full Fare","63","2","40.775593","-73.97641","POINT (-73.97641 40.775593)"
"05/11/2024 10:00:00 AM","subway","463","Hunters Point Av (7)","Queens","metrocard","Metrocard - Unlimited 7-Day","14","0","40.742214","-73.94891","POINT (-73.94891 40.742214)"
"05/11/2024 09:00:00 AM","subway","155","Cathedral Pkwy (110 St) (C,B)","Manhattan","omny","OMNY - Seniors & Disability","2","0","40.800602","-73.95816","POINT (-73.95816 40.800602)"
"05/11/2024 05:00:00 PM","subway","607","34 St-Herald Sq (B,D,F,M,N,Q,R,W)","Manhattan","metrocard","Metrocard - Unlimited 30-Day","382","0","40.749718","-73.98782","POINT (-73.98782 40.749718)"
"05/11/2024 12:00:00 AM","subway","384","Burnside Av (4)","Bronx","metrocard","Metrocard - Seniors & Disability","1","0","40.853455","-73.907684","POINT (-73.907684 40.853455)"
"05/11/2024 07:00:00 AM","subway","424","Pelham Pkwy (2,5)","Bronx","metrocard","Metrocard - Unlimited 30-Day","24","0","40.857193","-73.867615","POINT (-73.867615 40.857193)"
"05/11/2024 08:00:00 PM","subway","383","183 St (4)","Bronx","metrocard","Metrocard - Unlimited 30-Day","6","0","40.858406","-73.90388","POINT (-73.90388 40.858406)"
"05/11/2024 10:00:00 PM","subway","294","238 St (1)","Bronx","metrocard","Metrocard - Full Fare","5","0","40.884666","-73.90087","POINT (-73.90087 40.884666)"
"05/11/2024 02:00:00 AM","subway","356","Church Av (2,5)","Brooklyn","metrocard","Metrocard - Other","2","0","40.650845","-73.94958","POINT (-73.94958 40.650845)"
"05/11/2024 12:00:00 AM","subway","126","Jefferson St (L)","Brooklyn","metrocard","Metrocard - Other","5","0","40.706608","-73.92291","POINT (-73.92291 40.706608)"
"05/11/2024 02:00:00 PM","subway","384","Burnside Av (4)","Bronx","metrocard","Metrocard - Full Fare","45","1","40.853455","-73.907684","POINT (-73.907684 40.853455)"
"05/11/2024 02:00:00 PM","subway","100","Hewes St (M,J)","Brooklyn","metrocard","Metrocard - Fair Fare","3","0","40.70687","-73.95343","POINT (-73.95343 40.70687)"
"05/11/2024 05:00:00 PM","subway","49","Avenue J (Q)","Brooklyn","metrocard","Metrocard - Fair Fare","8","4","40.62504","-73.9608","POINT (-73.9608 40.62504)"
"05/11/2024 09:00:00 AM","subway","623","Canal St (J,N,Q,R,W,Z,6)","Manhattan","metrocard","Metrocard - Unlimited 30-Day","54","0","40.71953","-73.99989","POINT (-73.99989 40.71953)"
"05/11/2024 08:00:00 PM","subway","52","Avenue U (Q)","Brooklyn","metrocard","Metrocard - Full Fare","10","3","40.5993","-73.95593","POINT (-73.95593 40.5993)"
"05/11/2024 11:00:00 PM","subway","135","Livonia Av (L)","Brooklyn","metrocard","Metrocard - Full Fare","6","2","40.66404","-73.90057","POINT (-73.90057 40.66404)"
"05/11/2024 03:00:00 AM","subway","137","East 105 St (L)","Brooklyn","metrocard","Metrocard - Full Fare","1","0","40.650574","-73.89948","POINT (-73.89948 40.650574)"
"05/11/2024 08:00:00 PM","subway","70","Bay 50 St (D)","Brooklyn","metrocard","Metrocard - Fair Fare","1","0","40.58884","-73.983765","POINT (-73.983765 40.58884)"
"05/11/2024 11:00:00 AM","subway","39","Bay Ridge-95 St (R)","Brooklyn","metrocard","Metrocard - Fair Fare","6","0","40.616623","-74.030876","POINT (-74.030876 40.616623)"
"05/11/2024 11:00:00 PM","subway","349","Junius St (3)","Brooklyn","metrocard","Metrocard - Unlimited 7-Day","3","0","40.663513","-73.90245","POINT (-73.90245 40.663513)"
"05/11/2024 11:00:00 PM","subway","220","155 St (B,D)","Manhattan","metrocard","Metrocard - Fair Fare","3","0","40.830135","-73.93821","POINT (-73.93821 40.830135)"
"05/11/2024 07:00:00 AM","subway","424","Pelham Pkwy (2,5)","Bronx","metrocard","Metrocard - Seniors & Disability","10","2","40.857193","-73.867615","POINT (-73.867615 40.857193)"
"05/11/2024 03:00:00 AM","subway","234","East Broadway (F)","Manhattan","metrocard","Metrocard - Full Fare","3","0","40.713715","-73.99017","POINT (-73.99017 40.713715)"
"05/11/2024 09:00:00 AM","subway","347","Saratoga Av (3)","Brooklyn","metrocard","Metrocard - Seniors & Disability","7","0","40.661453","-73.91633","POINT (-73.91633 40.661453)"
"05/11/2024 07:00:00 PM","subway","434","3 Av-149 St (2,5)","Bronx","metrocard","Metrocard - Unlimited 30-Day","46","0","40.81611","-73.917755","POINT (-73.917755 40.81611)"
"05/11/2024 11:00:00 PM","subway","147","175 St (A)","Manhattan","metrocard","Metrocard - Seniors & Disability","9","0","40.84739","-73.939705","POINT (-73.939705 40.84739)"
"05/11/2024 03:00:00 AM","subway","8","5 Av/59 St (N,R,W)","Manhattan","metrocard","Metrocard - Unlimited 30-Day","1","0","40.764812","-73.97335","POINT (-73.97335 40.764812)"
"05/11/2024 11:00:00 AM","subway","14","23 St (R,W)","Manhattan","metrocard","Metrocard - Unlimited 7-Day","63","0","40.741302","-73.98934","POINT (-73.98934 40.741302)"
"05/11/2024 12:00:00 PM","subway","460","33 St-Rawson St (7)","Queens","metrocard","Metrocard - Unlimited 30-Day","22","0","40.744587","-73.931","POINT (-73.931 40.744587)"
"05/11/2024 08:00:00 AM","subway","278","Jamaica Center-Parsons/Archer (E,J,Z)","Queens","metrocard","Metrocard - Other","73","8","40.70215","-73.80111","POINT (-73.80111 40.70215)"
"05/11/2024 10:00:00 PM","subway","356","Church Av (2,5)","Brooklyn","metrocard","Metrocard - Fair Fare","1","0","40.650845","-73.94958","POINT (-73.94958 40.650845)"
"05/11/2024 08:00:00 PM","subway","379","Mosholu Pkwy (4)","Bronx","metrocard","Metrocard - Unlimited 30-Day","7","0","40.87975","-73.88466","POINT (-73.88466 40.87975)"
"05/11/2024 02:00:00 PM","subway","349","Junius St (3)","Brooklyn","metrocard","Metrocard - Full Fare","14","5","40.663513","-73.90245","POINT (-73.90245 40.663513)"
"05/11/2024 03:00:00 PM","subway","261","Forest Hills-71 Av (E,F,M,R)","Queens","metrocard","Metrocard - Other","62","3","40.72169","-73.84452","POINT (-73.84452 40.72169)"
"05/11/2024 06:00:00 PM","subway","407","Astor Pl (6)","Manhattan","metrocard","Metrocard - Fair Fare","16","0","40.730053","-73.99107","POINT (-73.99107 40.730053)"
"05/11/2024 12:00:00 PM","subway","625","Delancey St (F)/Essex St (J,M,Z)","Manhattan","metrocard","Metrocard - Unlimited 7-Day","49","0","40.718613","-73.987434","POINT (-73.987434 40.718613)"
"05/11/2024 01:00:00 PM","subway","124","Montrose Av (L)","Brooklyn","metrocard","Metrocard - Unlimited 30-Day","19","0","40.70774","-73.93985","POINT (-73.93985 40.70774)"
"05/11/2024 03:00:00 AM","subway","70","Bay 50 St (D)","Brooklyn","omny","OMNY - Full Fare","1","0","40.58884","-73.983765","POINT (-73.983765 40.58884)"
"05/11/2024 11:00:00 AM","subway","120","Bedford Av (L)","Brooklyn","omny","OMNY - Seniors & Disability","5","0","40.717304","-73.95687","POINT (-73.95687 40.717304)"
"05/11/2024 11:00:00 AM","subway","98","Flushing Av (M,J)","Brooklyn","metrocard","Metrocard - Unlimited 7-Day","19","0","40.70026","-73.941124","POINT (-73.941124 40.70026)"
"05/11/2024 05:00:00 PM","subway","365","Castle Hill Av (6)","Bronx","metrocard","Metrocard - Unlimited 30-Day","5","0","40.834255","-73.85122","POINT (-73.85122 40.834255)"
"05/11/2024 02:00:00 PM","subway","249","Avenue P (F)","Brooklyn","metrocard","Metrocard - Unlimited 7-Day","7","0","40.608944","-73.97302","POINT (-73.97302 40.608944)"
"05/11/2024 05:00:00 PM","subway","236","Bergen St (F,G)","Brooklyn","metrocard","Metrocard - Seniors & Disability","15","2","40.686146","-73.99086","POINT (-73.99086 40.686146)"
"05/11/2024 03:00:00 AM","subway","277","7 Av (E,B,D)","Manhattan","metrocard","Metrocard - Unlimited 7-Day","3","0","40.762863","-73.981636","POINT (-73.981636 40.762863)"
"05/11/2024 07:00:00 AM","subway","165","23 St (C,E)","Manhattan","metrocard","Metrocard - Seniors & Disability","3","0","40.745907","-73.99804","POINT (-73.99804 40.745907)"
"05/11/2024 11:00:00 PM","subway","344","Kingston Av (3)","Brooklyn","metrocard","Metrocard - Seniors & Disability","2","1","40.6694","-73.94216","POINT (-73.94216 40.6694)"
"05/11/2024 05:00:00 PM","subway","451","Junction Blvd (7)","Queens","omny","OMNY - Other","3","0","40.749146","-73.86953","POINT (-73.86953 40.749146)"
"05/11/2024 09:00:00 AM","subway","629","Lorimer St (L)/Metropolitan Av (G)","Brooklyn","omny","OMNY - Seniors & Disability","2","0","40.71406","-73.95027","POINT (-73.95027 40.71406)"
"05/11/2024 06:00:00 PM","subway","290","Classon Av (G)","Brooklyn","metrocard","Metrocard - Fair Fare","6","0","40.688873","-73.96007","POINT (-73.96007 40.688873)"
"05/11/2024 10:00:00 AM","subway","43","Parkside Av (Q)","Brooklyn","omny","OMNY - Full Fare","138","1","40.655293","-73.961494","POINT (-73.961494 40.655293)"
"05/11/2024 03:00:00 AM","subway","630","Myrtle-Wyckoff Avs (L,M)","Brooklyn","metrocard","Metrocard - Full Fare","6","0","40.699814","-73.91158","POINT (-73.91158 40.699814)"
"05/11/2024 02:00:00 AM","subway","284","Nassau Av (G)","Brooklyn","metrocard","Metrocard - Other","5","0","40.724636","-73.95128","POINT (-73.95128 40.724636)"
"05/11/2024 09:00:00 AM","subway","405","23 St (6)","Manhattan","metrocard","Metrocard - Fair Fare","7","0","40.739864","-73.9866","POINT (-73.9866 40.739864)"
"05/11/2024 08:00:00 PM","subway","319","28 St (1)","Manhattan","omny","OMNY - Full Fare","252","2","40.747215","-73.99336","POINT (-73.99336 40.747215)"
"05/11/2024 03:00:00 PM","subway","150","155 St (C)","Manhattan","omny","OMNY - Full Fare","56","0","40.830517","-73.94151","POINT (-73.94151 40.830517)"
"05/11/2024 06:00:00 PM","subway","455","69 St (7)","Queens","omny","OMNY - Full Fare","73","7","40.746326","-73.8964","POINT (-73.8964 40.746326)"
"05/11/2024 05:00:00 AM","subway","138","Canarsie-Rockaway Pkwy (L)","Brooklyn","metrocard","Metrocard - Unlimited 7-Day","4","0","40.646652","-73.90185","POINT (-73.90185 40.646652)"
"05/11/2024 10:00:00 AM","subway","249","Avenue P (F)","Brooklyn","omny","OMNY - Full Fare","43","0","40.608944","-73.97302","POINT (-73.97302 40.608944)"
"05/11/2024 03:00:00 PM","subway","430","Simpson St (2,5)","Bronx","metrocard","Metrocard - Fair Fare","17","1","40.824074","-73.89307","POINT (-73.89307 40.824074)"
"05/11/2024 12:00:00 PM","subway","44","Church Av (B,Q)","Brooklyn","metrocard","Metrocard - Full Fare","63","7","40.650528","-73.96298","POINT (-73.96298 40.650528)"
"05/11/2024 03:00:00 PM","subway","76","Bay Pkwy (N)","Brooklyn","metrocard","Metrocard - Other","8","0","40.611816","-73.98185","POINT (-73.98185 40.611816)"
"05/11/2024 09:00:00 AM","subway","299","Dyckman St (1)","Manhattan","metrocard","Metrocard - Seniors & Disability","18","1","40.86053","-73.92554","POINT (-73.92554 40.86053)"
"05/11/2024 09:00:00 AM","subway","295","231 St (1)","Bronx","omny","OMNY - Seniors & Disability","2","1","40.878857","-73.90483","POINT (-73.90483 40.878857)"
"05/11/2024 04:00:00 PM","subway","326","Franklin St (1)","Manhattan","metrocard","Metrocard - Fair Fare","1","0","40.71932","-74.00689","POINT (-74.00689 40.71932)"
"05/11/2024 06:00:00 AM","subway","71","8 Av (N)","Brooklyn","metrocard","Metrocard - Full Fare","23","0","40.635063","-74.01172","POINT (-74.01172 40.635063)"
"05/11/2024 08:00:00 AM","subway","413","Wall St (4,5)","Manhattan","metrocard","Metrocard - Fair Fare","3","0","40.707558","-74.01186","POINT (-74.01186 40.707558)"
"05/11/2024 02:00:00 PM","subway","624","Chambers St (A,C)/WTC (E)/Park Pl (2,3)/Cortlandt (R,W)","Manhattan","metrocard","Metrocard - Full Fare","206","3","40.71411","-74.00858","POINT (-74.00858 40.71411)"
"05/11/2024 03:00:00 PM","subway","326","Franklin St (1)","Manhattan","metrocard","Metrocard - Unlimited 7-Day","9","0","40.71932","-74.00689","POINT (-74.00689 40.71932)"
"05/11/2024 01:00:00 PM","subway","255","169 St (F)","Queens","omny","OMNY - Full Fare","100","15","40.71047","-73.7936","POINT (-73.7936 40.71047)"
"05/11/2024 09:00:00 PM","subway","407","Astor Pl (6)","Manhattan","metrocard","Metrocard - Unlimited 7-Day","41","0","40.730053","-73.99107","POINT (-73.99107 40.730053)"
"05/11/2024 08:00:00 AM","subway","323","Christopher St-Sheridan Sq (1)","Manhattan","metrocard","Metrocard - Unlimited 7-Day","6","0","40.73342","-74.00291","POINT (-74.00291 40.73342)"
"05/11/2024 10:00:00 AM","subway","127","DeKalb Av (L)","Brooklyn","metrocard","Metrocard - Other","6","0","40.70381","-73.91843","POINT (-73.91843 40.70381)"
"05/11/2024 11:00:00 AM","subway","137","East 105 St (L)","Brooklyn","metrocard","Metrocard - Other","5","0","40.650574","-73.89948","POINT (-73.89948 40.650574)"
"05/11/2024 07:00:00 PM","subway","425","Bronx Park East (2,5)","Bronx","metrocard","Metrocard - Unlimited 7-Day","5","0","40.848827","-73.868454","POINT (-73.868454 40.848827)"
"05/11/2024 08:00:00 PM","subway","159","81 St-Museum of Natural History (C,B)","Manhattan","omny","OMNY - Full Fare","243","14","40.781433","-73.972145","POINT (-73.972145 40.781433)"
"05/11/2024 08:00:00 PM","subway","605","168 St (A,C,1)","Manhattan","metrocard","Metrocard - Unlimited 7-Day","29","0","40.840717","-73.93956","POINT (-73.93956 40.840717)"
"05/11/2024 08:00:00 AM","subway","6","39 Av-Dutch Kills (N,W)","Queens","metrocard","Metrocard - Other","9","0","40.75288","-73.932755","POINT (-73.932755 40.75288)"
"05/11/2024 01:00:00 AM","subway","617","Atlantic Av-Barclays Ctr (B,D,N,Q,R,2,3,4,5)","Brooklyn","metrocard","Metrocard - Seniors & Disability","3","1","40.68436","-73.97767","POINT (-73.97767 40.68436)"
"05/11/2024 07:00:00 AM","subway","438","135 St (2,3)","Manhattan","metrocard","Metrocard - Seniors & Disability","8","0","40.814228","-73.94077","POINT (-73.94077 40.814228)"
"05/11/2024 03:00:00 AM","subway","413","Wall St (4,5)","Manhattan","omny","OMNY - Full Fare","3","0","40.707558","-74.01186","POINT (-74.01186 40.707558)"
"05/11/2024 07:00:00 AM","subway","235","York St (F)","Brooklyn","metrocard","Metrocard - Other","1","0","40.701397","-73.98675","POINT (-73.98675 40.701397)"
"05/11/2024 08:00:00 PM","subway","612","Lexington Av-53 St (E,M)/51 St (6)","Manhattan","metrocard","Metrocard - Unlimited 7-Day","100","0","40.757553","-73.969055","POINT (-73.969055 40.757553)"
"05/11/2024 10:00:00 AM","subway","614","59 St-Columbus Circle (A,B,C,D,1)","Manhattan","metrocard","Metrocard - Unlimited 7-Day","152","0","40.768295","-73.981735","POINT (-73.981735 40.768295)"
"05/11/2024 02:00:00 PM","subway","141","Park Pl (S)","Brooklyn","metrocard","Metrocard - Full Fare","6","0","40.67477","-73.95763","POINT (-73.95763 40.67477)"
"05/11/2024 07:00:00 AM","subway","372","Longwood Av (6)","Bronx","metrocard","Metrocard - Unlimited 30-Day","8","0","40.816105","-73.89644","POINT (-73.89644 40.816105)"
"05/11/2024 08:00:00 PM","subway","625","Delancey St (F)/Essex St (J,M,Z)","Manhattan","metrocard","Metrocard - Unlimited 30-Day","75","0","40.718613","-73.987434","POINT (-73.987434 40.718613)"
"05/11/2024 05:00:00 AM","subway","626","Franklin Av (2,3,4,5)/Botanic Garden (S)","Brooklyn","metrocard","Metrocard - Fair Fare","9","0","40.67068","-73.95813","POINT (-73.95813 40.67068)"
"05/11/2024 12:00:00 PM","subway","397","86 St (4,5,6)","Manhattan","metrocard","Metrocard - Unlimited 7-Day","76","0","40.77949","-73.95559","POINT (-73.95559 40.77949)"
"05/11/2024 05:00:00 AM","subway","30","Prospect Av (R)","Brooklyn","omny","OMNY - Full Fare","9","0","40.665413","-73.992874","POINT (-73.992874 40.665413)"
"05/11/2024 10:00:00 PM","subway","249","Avenue P (F)","Brooklyn","metrocard","Metrocard - Other","1","0","40.608944","-73.97302","POINT (-73.97302 40.608944)"
"05/11/2024 03:00:00 PM","subway","391","138 St-Grand Concourse (4,5)","Bronx","metrocard","Metrocard - Unlimited 30-Day","11","0","40.813225","-73.92985","POINT (-73.92985 40.813225)"
"05/11/2024 04:00:00 PM","subway","310","96 St (1,2,3)","Manhattan","metrocard","Metrocard - Full Fare","188","9","40.79392","-73.97232","POINT (-73.97232 40.79392)"
"05/11/2024 01:00:00 PM","subway","398","77 St (6)","Manhattan","metrocard","Metrocard - Fair Fare","19","0","40.77362","-73.95988","POINT (-73.95988 40.77362)"
"05/11/2024 06:00:00 AM","subway","337","Nevins St (2,3,4,5)","Brooklyn","metrocard","Metrocard - Full Fare","3","0","40.688248","-73.98049","POINT (-73.98049 40.688248)"
"05/11/2024 06:00:00 PM","subway","165","23 St (C,E)","Manhattan","metrocard","Metrocard - Fair Fare","15","0","40.745907","-73.99804","POINT (-73.99804 40.745907)"
"05/11/2024 05:00:00 PM","subway","301","181 St (1)","Manhattan","metrocard","Metrocard - Seniors & Disability","22","6","40.849506","-73.93359","POINT (-73.93359 40.849506)"
"05/11/2024 09:00:00 PM","subway","602","14 St-Union Sq (L,N,Q,R,W,4,5,6)","Manhattan","metrocard","Metrocard - Unlimited 7-Day","214","0","40.735737","-73.98995","POINT (-73.98995 40.735737)"
"05/11/2024 01:00:00 PM","subway","1","Astoria-Ditmars Blvd (N,W)","Queens","metrocard","Metrocard - Unlimited 30-Day","43","0","40.775036","-73.91203","POINT (-73.91203 40.775036)"
"05/11/2024 03:00:00 PM","subway","455","69 St (7)","Queens","metrocard","Metrocard - Unlimited 7-Day","42","0","40.746326","-73.8964","POINT (-73.8964 40.746326)"
"05/11/2024 01:00:00 AM","subway","250","Kings Hwy (F)","Brooklyn","metrocard","Metrocard - Other","7","0","40.603218","-73.97236","POINT (-73.97236 40.603218)"
"05/11/2024 01:00:00 AM","subway","26","DeKalb Av (B,Q,R)","Brooklyn","metrocard","Metrocard - Other","10","0","40.690636","-73.98183","POINT (-73.98183 40.690636)"
"05/11/2024 10:00:00 AM","subway","126","Jefferson St (L)","Brooklyn","metrocard","Metrocard - Unlimited 30-Day","16","0","40.706608","-73.92291","POINT (-73.92291 40.706608)"
"05/11/2024 04:00:00 PM","subway","35","59 St (N,R)","Brooklyn","metrocard","Metrocard - Other","12","0","40.64136","-74.01788","POINT (-74.01788 40.64136)"
"05/11/2024 09:00:00 PM","subway","625","Delancey St (F)/Essex St (J,M,Z)","Manhattan","metrocard","Metrocard - Seniors & Disability","12","0","40.718613","-73.987434","POINT (-73.987434 40.718613)"
"05/11/2024 06:00:00 PM","subway","312","79 St (1)","Manhattan","metrocard","Metrocard - Seniors & Disability","44","3","40.783936","-73.97992","POINT (-73.97992 40.783936)"
"05/11/2024 08:00:00 AM","subway","294","238 St (1)","Bronx","metrocard","Metrocard - Other","6","0","40.884666","-73.90087","POINT (-73.90087 40.884666)"
"05/11/2024 12:00:00 AM","subway","407","Astor Pl (6)","Manhattan","metrocard","Metrocard - Seniors & Disability","1","0","40.730053","-73.99107","POINT (-73.99107 40.730053)"
"05/11/2024 10:00:00 AM","subway","243","Church Av (F,G)","Brooklyn","metrocard","Metrocard - Unlimited 7-Day","21","0","40.64404","-73.979675","POINT (-73.979675 40.64404)"
"05/11/2024 07:00:00 AM","subway","407","Astor Pl (6)","Manhattan","metrocard","Metrocard - Unlimited 7-Day","6","0","40.730053","-73.99107","POINT (-73.99107 40.730053)"
"05/11/2024 07:00:00 PM","subway","437","145 St (3)","Manhattan","metrocard","Metrocard - Unlimited 30-Day","6","0","40.82042","-73.93625","POINT (-73.93625 40.82042)"
"05/11/2024 02:00:00 PM","subway","626","Franklin Av (2,3,4,5)/Botanic Garden (S)","Brooklyn","metrocard","Metrocard - Other","30","0","40.67068","-73.95813","POINT (-73.95813 40.67068)"
"05/11/2024 06:00:00 AM","subway","455","69 St (7)","Queens","metrocard","Metrocard - Seniors & Disability","5","1","40.746326","-73.8964","POINT (-73.8964 40.746326)"
"05/11/2024 12:00:00 PM","subway","83","Woodhaven Blvd (J,Z)","Queens","metrocard","Metrocard - Unlimited 30-Day","7","0","40.69388","-73.85158","POINT (-73.85158 40.69388)"
"05/11/2024 10:00:00 PM","subway","141","Park Pl (S)","Brooklyn","metrocard","Metrocard - Other","1","0","40.67477","-73.95763","POINT (-73.95763 40.67477)"
"05/11/2024 06:00:00 AM","subway","347","Saratoga Av (3)","Brooklyn","metrocard","Metrocard - Fair Fare","4","0","40.661453","-73.91633","POINT (-73.91633 40.661453)"
"05/11/2024 01:00:00 AM","subway","120","Bedford Av (L)","Brooklyn","omny","OMNY - Full Fare","298","1","40.717304","-73.95687","POINT (-73.95687 40.717304)"
"05/11/2024 04:00:00 PM","subway","309","103 St (1)","Manhattan","metrocard","Metrocard - Other","16","0","40.799446","-73.968376","POINT (-73.968376 40.799446)"
"05/11/2024 11:00:00 PM","subway","224","57 St (F)","Manhattan","metrocard","Metrocard - Other","5","0","40.763973","-73.97745","POINT (-73.97745 40.763973)"
"05/11/2024 08:00:00 AM","subway","620","Court St (R)/Borough Hall (2,3,4,5)","Brooklyn","metrocard","Metrocard - Other","15","0","40.69322","-73.99","POINT (-73.99 40.69322)"
"05/11/2024 11:00:00 AM","subway","294","238 St (1)","Bronx","omny","OMNY - Seniors & Disability","1","0","40.884666","-73.90087","POINT (-73.90087 40.884666)"
"05/11/2024 02:00:00 AM","subway","391","138 St-Grand Concourse (4,5)","Bronx","metrocard","Metrocard - Fair Fare","1","0","40.813225","-73.92985","POINT (-73.92985 40.813225)"
"05/11/2024 01:00:00 PM","subway","143","Inwood-207 St (A)","Manhattan","metrocard","Metrocard - Fair Fare","16","3","40.868073","-73.9199","POINT (-73.9199 40.868073)"
"05/11/2024 07:00:00 PM","subway","141","Park Pl (S)","Brooklyn","metrocard","Metrocard - Full Fare","4","0","40.67477","-73.95763","POINT (-73.95763 40.67477)"
"05/11/2024 01:00:00 PM","subway","268","65 St (M,R)","Queens","metrocard","Metrocard - Unlimited 30-Day","15","0","40.74967","-73.89845","POINT (-73.89845 40.74967)"
"05/11/2024 05:00:00 PM","subway","157","96 St (C,B)","Manhattan","omny","OMNY - Full Fare","231","14","40.79164","-73.9647","POINT (-73.9647 40.79164)"
"05/11/2024 09:00:00 PM","subway","50","Avenue M (Q)","Brooklyn","metrocard","Metrocard - Fair Fare","3","0","40.61762","-73.9594","POINT (-73.9594 40.61762)"
"05/11/2024 05:00:00 PM","subway","282","21 St (G)","Queens","omny","OMNY - Full Fare","84","0","40.744064","-73.94972","POINT (-73.94972 40.744064)"
"05/11/2024 07:00:00 AM","subway","616","74-Broadway (7)/Jackson Hts-Roosevelt Av (E,F,M,R)","Queens","metrocard","Metrocard - Seniors & Disability","50","14","40.74685","-73.891335","POINT (-73.891335 40.74685)"
"05/11/2024 06:00:00 AM","subway","439","125 St (2,3)","Manhattan","metrocard","Metrocard - Seniors & Disability","2","0","40.807755","-73.945496","POINT (-73.945496 40.807755)"
"05/11/2024 08:00:00 PM","subway","457","52 St (7)","Queens","metrocard","Metrocard - Other","2","0","40.74415","-73.91255","POINT (-73.91255 40.74415)"
"05/11/2024 12:00:00 PM","subway","319","28 St (1)","Manhattan","omny","OMNY - Seniors & Disability","2","0","40.747215","-73.99336","POINT (-73.99336 40.747215)"
"05/11/2024 12:00:00 AM","subway","255","169 St (F)","Queens","omny","OMNY - Full Fare","13","2","40.71047","-73.7936","POINT (-73.7936 40.71047)"
"05/11/2024 12:00:00 AM","subway","625","Delancey St (F)/Essex St (J,M,Z)","Manhattan","omny","OMNY - Full Fare","615","0","40.718613","-73.987434","POINT (-73.987434 40.718613)"
"05/11/2024 05:00:00 AM","subway","133","Atlantic Av (L)","Brooklyn","metrocard","Metrocard - Unlimited 7-Day","5","0","40.675346","-73.9031","POINT (-73.9031 40.675346)"
"05/11/2024 09:00:00 AM","subway","393","116 St (6)","Manhattan","metrocard","Metrocard - Full Fare","58","0","40.79863","-73.94162","POINT (-73.94162 40.79863)"
"05/11/2024 11:00:00 AM","subway","439","125 St (2,3)","Manhattan","metrocard","Metrocard - Unlimited 7-Day","48","0","40.807755","-73.945496","POINT (-73.945496 40.807755)"
"05/11/2024 04:00:00 AM","subway","433","Jackson Av (2,5)","Bronx","metrocard","Metrocard - Other","1","0","40.81649","-73.90781","POINT (-73.90781 40.81649)"
"05/11/2024 02:00:00 AM","subway","47","Newkirk Plaza (B,Q)","Brooklyn","omny","OMNY - Full Fare","2","0","40.635082","-73.96279","POINT (-73.96279 40.635082)"
"05/11/2024 04:00:00 AM","subway","604","161 St-Yankee Stadium (B,D,4)","Bronx","omny","OMNY - Seniors & Disability","1","0","40.827904","-73.92565","POINT (-73.92565 40.827904)"
"05/11/2024 02:00:00 PM","subway","183","Rockaway Av (C)","Brooklyn","omny","OMNY - Full Fare","108","5","40.67834","-73.91195","POINT (-73.91195 40.67834)"
"05/11/2024 01:00:00 PM","subway","248","Avenue N (F)","Brooklyn","metrocard","Metrocard - Unlimited 30-Day","13","0","40.61514","-73.9742","POINT (-73.9742 40.61514)"
"05/11/2024 03:00:00 AM","subway","306","125 St (1)","Manhattan","metrocard","Metrocard - Fair Fare","1","0","40.815582","-73.958374","POINT (-73.958374 40.815582)"
"05/11/2024 07:00:00 AM","subway","2","Astoria Blvd (N,W)","Queens","omny","OMNY - Full Fare","90","6","40.77026","-73.91785","POINT (-73.91785 40.77026)"
"05/11/2024 09:00:00 PM","subway","162","50 St (C,E)","Manhattan","omny","OMNY - Seniors & Disability","6","0","40.762455","-73.985985","POINT (-73.985985 40.762455)"
"05/11/2024 05:00:00 PM","subway","601","14 St (F,M,1,2,3)/6 Av (L)","Manhattan","metrocard","Metrocard - Full Fare","247","55","40.738228","-73.99621","POINT (-73.99621 40.738228)"
"05/11/2024 08:00:00 AM","subway","318","34 St-Penn Station (1,2,3)","Manhattan","metrocard","Metrocard - Seniors & Disability","22","1","40.750374","-73.99106","POINT (-73.99106 40.750374)"
"05/11/2024 01:00:00 AM","subway","395","103 St (6)","Manhattan","metrocard","Metrocard - Fair Fare","3","0","40.7906","-73.94748","POINT (-73.94748 40.7906)"
"05/11/2024 12:00:00 AM","subway","176","Lafayette Av (C)","Brooklyn","metrocard","Metrocard - Fair Fare","3","1","40.68611","-73.973946","POINT (-73.973946 40.68611)"
"05/11/2024 12:00:00 PM","subway","57","W 8 St-NY Aquarium (F,Q)","Brooklyn","metrocard","Metrocard - Other","3","0","40.576126","-73.97594","POINT (-73.97594 40.576126)"
"05/11/2024 02:00:00 PM","subway","150","155 St (C)","Manhattan","metrocard","Metrocard - Full Fare","15","0","40.830517","-73.94151","POINT (-73.94151 40.830517)"
"05/11/2024 05:00:00 AM","subway","279","Sutphin Blvd-Archer Av-JFK Airport (E,J,Z)","Queens","omny","OMNY - Full Fare","97","15","40.700485","-73.80797","POINT (-73.80797 40.700485)"
"05/11/2024 05:00:00 PM","subway","149","163 St-Amsterdam Av (C)","Manhattan","metrocard","Metrocard - Unlimited 7-Day","7","0","40.836014","-73.939896","POINT (-73.939896 40.836014)"
"05/11/2024 07:00:00 AM","subway","301","181 St (1)","Manhattan","metrocard","Metrocard - Unlimited 30-Day","36","0","40.849506","-73.93359","POINT (-73.93359 40.849506)"
"05/11/2024 05:00:00 AM","subway","211","Bedford Park Blvd (B,D)","Bronx","metrocard","Metrocard - Full Fare","8","0","40.873245","-73.88714","POINT (-73.88714 40.873245)"
"05/11/2024 10:00:00 AM","subway","261","Forest Hills-71 Av (E,F,M,R)","Queens","omny","OMNY - Full Fare","373","67","40.72169","-73.84452","POINT (-73.84452 40.72169)"
"05/11/2024 01:00:00 PM","subway","432","Prospect Av (2,5)","Bronx","metrocard","Metrocard - Unlimited 30-Day","7","0","40.819584","-73.90177","POINT (-73.90177 40.819584)"
"05/11/2024 07:00:00 AM","subway","337","Nevins St (2,3,4,5)","Brooklyn","metrocard","Metrocard - Full Fare","15","0","40.688248","-73.98049","POINT (-73.98049 40.688248)"
"05/11/2024 02:00:00 PM","subway","334","Clark St (2,3)","Brooklyn","metrocard","Metrocard - Unlimited 30-Day","20","0","40.697468","-73.99309","POINT (-73.99309 40.697468)"
"05/11/2024 11:00:00 PM","subway","17","Prince St (R,W)","Manhattan","metrocard","Metrocard - Other","5","0","40.72433","-73.9977","POINT (-73.9977 40.72433)"
"05/11/2024 10:00:00 PM","subway","3","30 Av (N,W)","Queens","metrocard","Metrocard - Fair Fare","6","1","40.76678","-73.92148","POINT (-73.92148 40.76678)"
"05/11/2024 08:00:00 AM","subway","164","34 St-Penn Station (A,C,E)","Manhattan","omny","OMNY - Seniors & Disability","3","0","40.75229","-73.99339","POINT (-73.99339 40.75229)"
"05/11/2024 04:00:00 AM","subway","152","135 St (C,B)","Manhattan","metrocard","Metrocard - Other","3","0","40.817894","-73.94765","POINT (-73.94765 40.817894)"
"05/11/2024 04:00:00 AM","subway","76","Bay Pkwy (N)","Brooklyn","metrocard","Metrocard - Full Fare","5","0","40.611816","-73.98185","POINT (-73.98185 40.611816)"
"05/11/2024 11:00:00 AM","subway","72","Fort Hamilton Pkwy (N)","Brooklyn","metrocard","Metrocard - Seniors & Disability","14","0","40.631386","-74.00535","POINT (-74.00535 40.631386)"
"05/11/2024 12:00:00 PM","subway","168","Spring St (C,E)","Manhattan","metrocard","Metrocard - Fair Fare","3","0","40.726227","-74.00374","POINT (-74.00374 40.726227)"
"05/11/2024 04:00:00 AM","subway","4","Broadway (N,W)","Queens","metrocard","Metrocard - Seniors & Disability","1","0","40.76182","-73.92551","POINT (-73.92551 40.76182)"
"05/11/2024 06:00:00 AM","subway","51","Kings Hwy (B,Q)","Brooklyn","metrocard","Metrocard - Other","7","0","40.60867","-73.95773","POINT (-73.95773 40.60867)"
"05/11/2024 11:00:00 PM","subway","231","Grand St (B,D)","Manhattan","metrocard","Metrocard - Full Fare","37","0","40.718266","-73.99375","POINT (-73.99375 40.718266)"
"05/11/2024 05:00:00 PM","subway","37","77 St (R)","Brooklyn","metrocard","Metrocard - Seniors & Disability","6","1","40.62974","-74.02551","POINT (-74.02551 40.62974)"
"05/11/2024 08:00:00 PM","subway","360","Pelham Bay Park (6)","Bronx","metrocard","Metrocard - Fair Fare","6","1","40.852463","-73.82812","POINT (-73.82812 40.852463)"
"05/11/2024 12:00:00 PM","subway","138","Canarsie-Rockaway Pkwy (L)","Brooklyn","metrocard","Metrocard - Full Fare","14","2","40.646652","-73.90185","POINT (-73.90185 40.646652)"
"05/11/2024 11:00:00 PM","subway","407","Astor Pl (6)","Manhattan","metrocard","Metrocard - Full Fare","47","0","40.730053","-73.99107","POINT (-73.99107 40.730053)"
"05/11/2024 11:00:00 PM","subway","14","23 St (R,W)","Manhattan","metrocard","Metrocard - Fair Fare","7","0","40.741302","-73.98934","POINT (-73.98934 40.741302)"
"05/11/2024 10:00:00 AM","subway","187","Shepherd Av (C)","Brooklyn","metrocard","Metrocard - Full Fare","7","0","40.67413","-73.88075","POINT (-73.88075 40.67413)"
"05/11/2024 07:00:00 PM","subway","437","145 St (3)","Manhattan","metrocard","Metrocard - Fair Fare","4","0","40.82042","-73.93625","POINT (-73.93625 40.82042)"
"05/11/2024 12:00:00 PM","subway","235","York St (F)","Brooklyn","omny","OMNY - Seniors & Disability","3","0","40.701397","-73.98675","POINT (-73.98675 40.701397)"
"05/11/2024 03:00:00 AM","subway","37","77 St (R)","Brooklyn","omny","OMNY - Full Fare","2","0","40.62974","-74.02551","POINT (-74.02551 40.62974)"
"05/11/2024 02:00:00 AM","subway","370","Whitlock Av (6)","Bronx","metrocard","Metrocard - Fair Fare","1","0","40.826527","-73.886284","POINT (-73.886284 40.826527)"
"05/11/2024 07:00:00 PM","subway","320","23 St (1)","Manhattan","metrocard","Metrocard - Unlimited 7-Day","45","0","40.74408","-73.99566","POINT (-73.99566 40.74408)"
"05/11/2024 07:00:00 PM","subway","608","4 Av (F,G)/9 St (R)","Brooklyn","metrocard","Metrocard - Unlimited 7-Day","19","0","40.67085","-73.988304","POINT (-73.988304 40.67085)"
"05/11/2024 07:00:00 PM","subway","414","Bowling Green (4,5)","Manhattan","metrocard","Metrocard - Seniors & Disability","8","2","40.70482","-74.01407","POINT (-74.01407 40.70482)"
"05/11/2024 05:00:00 PM","subway","235","York St (F)","Brooklyn","metrocard","Metrocard - Other","14","0","40.701397","-73.98675","POINT (-73.98675 40.701397)"
"05/11/2024 09:00:00 AM","subway","603","149 St-Grand Concourse (2,4,5)","Bronx","omny","OMNY - Full Fare","93","3","40.818375","-73.92735","POINT (-73.92735 40.818375)"
"05/11/2024 09:00:00 PM","subway","287","Flushing Av (G)","Brooklyn","metrocard","Metrocard - Unlimited 7-Day","4","0","40.70038","-73.95023","POINT (-73.95023 40.70038)"
"05/11/2024 02:00:00 AM","subway","307","116 St-Columbia University (1)","Manhattan","omny","OMNY - Full Fare","3","0","40.80772","-73.96411","POINT (-73.96411 40.80772)"
"05/11/2024 10:00:00 PM","subway","186","Van Siclen Av (C)","Brooklyn","metrocard","Metrocard - Fair Fare","2","0","40.67271","-73.89036","POINT (-73.89036 40.67271)"
"05/11/2024 11:00:00 PM","subway","371","Hunts Point Av (6)","Bronx","omny","OMNY - Full Fare","19","2","40.82095","-73.89055","POINT (-73.89055 40.82095)"
"05/11/2024 07:00:00 PM","subway","619","Broadway-Lafayette St (B,D,F,M)/Bleecker St (6)","Manhattan","metrocard","Metrocard - Fair Fare","48","0","40.725914","-73.99466","POINT (-73.99466 40.725914)"
"05/11/2024 05:00:00 PM","subway","282","21 St (G)","Queens","metrocard","Metrocard - Seniors & Disability","2","0","40.744064","-73.94972","POINT (-73.94972 40.744064)"
"05/11/2024 02:00:00 PM","subway","193","104 St (A)","Queens","metrocard","Metrocard - Unlimited 7-Day","6","0","40.68171","-73.837685","POINT (-73.837685 40.68171)"
"05/11/2024 11:00:00 AM","subway","110","Forest Av (M)","Queens","metrocard","Metrocard - Seniors & Disability","3","0","40.704422","-73.903076","POINT (-73.903076 40.704422)"
"05/11/2024 03:00:00 AM","subway","441","Central Park North (110 St) (2,3)","Manhattan","omny","OMNY - Full Fare","1","0","40.799076","-73.95182","POINT (-73.95182 40.799076)"
"05/11/2024 06:00:00 AM","subway","64","71 St (D)","Brooklyn","metrocard","Metrocard - Full Fare","27","0","40.61959","-73.99886","POINT (-73.99886 40.61959)"
"05/11/2024 07:00:00 PM","subway","357","Beverly Rd (2,5)","Brooklyn","omny","OMNY - Full Fare","30","0","40.6451","-73.94896","POINT (-73.94896 40.6451)"
"05/11/2024 01:00:00 PM","subway","611","Times Sq-42 St (N,Q,R,W,S,1,2,3,7)/42 St (A,C,E)","Manhattan","metrocard","Metrocard - Other","173","0","40.75731","-73.986755","POINT (-73.986755 40.75731)"
"05/11/2024 02:00:00 PM","subway","114","Central Av (M)","Brooklyn","metrocard","Metrocard - Fair Fare","3","0","40.697857","-73.9274","POINT (-73.9274 40.697857)"
"05/11/2024 09:00:00 PM","subway","131","Bushwick Av-Aberdeen St (L)","Brooklyn","metrocard","Metrocard - Other","2","0","40.68283","-73.90525","POINT (-73.90525 40.68283)"
"05/11/2024 04:00:00 PM","subway","358","Newkirk Av-Little Haiti (2,5)","Brooklyn","omny","OMNY - Full Fare","51","1","40.63997","-73.94841","POINT (-73.94841 40.63997)"
"05/11/2024 05:00:00 AM","subway","32","36 St (D,N,R)","Brooklyn","metrocard","Metrocard - Other","5","0","40.655144","-74.00355","POINT (-74.00355 40.655144)"
"05/11/2024 02:00:00 PM","subway","78","Avenue U (N)","Brooklyn","metrocard","Metrocard - Fair Fare","8","1","40.597473","-73.97913","POINT (-73.97913 40.597473)"
"05/11/2024 06:00:00 PM","subway","602","14 St-Union Sq (L,N,Q,R,W,4,5,6)","Manhattan","metrocard","Metrocard - Students","6","0","40.735737","-73.98995","POINT (-73.98995 40.735737)"
"05/11/2024 12:00:00 PM","subway","434","3 Av-149 St (2,5)","Bronx","metrocard","Metrocard - Seniors & Disability","25","5","40.81611","-73.917755","POINT (-73.917755 40.81611)"
"05/11/2024 03:00:00 PM","subway","451","Junction Blvd (7)","Queens","metrocard","Metrocard - Students","3","0","40.749146","-73.86953","POINT (-73.86953 40.749146)"
"05/11/2024 02:00:00 AM","subway","347","Saratoga Av (3)","Brooklyn","metrocard","Metrocard - Unlimited 7-Day","2","0","40.661453","-73.91633","POINT (-73.91633 40.661453)"
"05/11/2024 01:00:00 AM","subway","47","Newkirk Plaza (B,Q)","Brooklyn","metrocard","Metrocard - Fair Fare","2","0","40.635082","-73.96279","POINT (-73.96279 40.635082)"
"05/11/2024 07:00:00 AM","subway","54","Sheepshead Bay (B,Q)","Brooklyn","metrocard","Metrocard - Unlimited 7-Day","9","0","40.586895","-73.954155","POINT (-73.954155 40.586895)"
"05/11/2024 07:00:00 AM","subway","365","Castle Hill Av (6)","Bronx","metrocard","Metrocard - Full Fare","8","2","40.834255","-73.85122","POINT (-73.85122 40.834255)"
"05/11/2024 02:00:00 AM","subway","159","81 St-Museum of Natural History (C,B)","Manhattan","metrocard","Metrocard - Unlimited 7-Day","1","0","40.781433","-73.972145","POINT (-73.972145 40.781433)"
"05/11/2024 09:00:00 AM","subway","616","74-Broadway (7)/Jackson Hts-Roosevelt Av (E,F,M,R)","Queens","metrocard","Metrocard - Students","12","3","40.74685","-73.891335","POINT (-73.891335 40.74685)"
"05/11/2024 09:00:00 AM","subway","144","Dyckman St (A)","Manhattan","metrocard","Metrocard - Full Fare","20","0","40.86549","-73.92727","POINT (-73.92727 40.86549)"
"05/11/2024 07:00:00 PM","subway","619","Broadway-Lafayette St (B,D,F,M)/Bleecker St (6)","Manhattan","metrocard","Metrocard - Unlimited 30-Day","113","0","40.725914","-73.99466","POINT (-73.99466 40.725914)"
"05/11/2024 02:00:00 PM","subway","75","20 Av (N)","Brooklyn","metrocard","Metrocard - Unlimited 7-Day","10","0","40.61741","-73.98502","POINT (-73.98502 40.61741)"
"05/11/2024 05:00:00 AM","subway","384","Burnside Av (4)","Bronx","metrocard","Metrocard - Full Fare","25","1","40.853455","-73.907684","POINT (-73.907684 40.853455)"
"05/11/2024 12:00:00 PM","subway","619","Broadway-Lafayette St (B,D,F,M)/Bleecker St (6)","Manhattan","metrocard","Metrocard - Full Fare","99","2","40.725914","-73.99466","POINT (-73.99466 40.725914)"
"05/11/2024 12:00:00 PM","subway","143","Inwood-207 St (A)","Manhattan","metrocard","Metrocard - Unlimited 30-Day","38","0","40.868073","-73.9199","POINT (-73.9199 40.868073)"
"05/11/2024 09:00:00 PM","subway","280","Jamaica-Van Wyck (E)","Queens","metrocard","Metrocard - Full Fare","12","0","40.702564","-73.81686","POINT (-73.81686 40.702564)"
"05/11/2024 11:00:00 PM","subway","456","61 St-Woodside (7)","Queens","metrocard","Metrocard - Unlimited 30-Day","14","0","40.74563","-73.902985","POINT (-73.902985 40.74563)"
"05/11/2024 01:00:00 PM","subway","376","Brook Av (6)","Bronx","metrocard","Metrocard - Unlimited 30-Day","12","0","40.807568","-73.91924","POINT (-73.91924 40.807568)"
"05/11/2024 01:00:00 AM","subway","369","Elder Av (6)","Bronx","omny","OMNY - Full Fare","4","0","40.828583","-73.87916","POINT (-73.87916 40.828583)"
"05/11/2024 05:00:00 PM","subway","235","York St (F)","Brooklyn","metrocard","Metrocard - Unlimited 7-Day","126","0","40.701397","-73.98675","POINT (-73.98675 40.701397)"
"05/11/2024 08:00:00 PM","subway","460","33 St-Rawson St (7)","Queens","metrocard","Metrocard - Unlimited 7-Day","7","0","40.744587","-73.931","POINT (-73.931 40.744587)"
"05/11/2024 04:00:00 PM","subway","312","79 St (1)","Manhattan","metrocard","Metrocard - Seniors & Disability","43","2","40.783936","-73.97992","POINT (-73.97992 40.783936)"
"05/11/2024 08:00:00 AM","subway","6","39 Av-Dutch Kills (N,W)","Queens","metrocard","Metrocard - Unlimited 30-Day","10","0","40.75288","-73.932755","POINT (-73.932755 40.75288)"
"05/11/2024 05:00:00 PM","subway","436","Harlem-148 St (3)","Manhattan","metrocard","Metrocard - Full Fare","15","1","40.82388","-73.93647","POINT (-73.93647 40.82388)"
"05/11/2024 01:00:00 PM","subway","38","86 St (R)","Brooklyn","metrocard","Metrocard - Seniors & Disability","14","3","40.62269","-74.0284","POINT (-74.0284 40.62269)"
"05/11/2024 05:00:00 PM","subway","149","163 St-Amsterdam Av (C)","Manhattan","omny","OMNY - Full Fare","62","1","40.836014","-73.939896","POINT (-73.939896 40.836014)"
"05/11/2024 03:00:00 AM","subway","234","East Broadway (F)","Manhattan","metrocard","Metrocard - Other","1","0","40.713715","-73.99017","POINT (-73.99017 40.713715)"
"05/11/2024 09:00:00 PM","subway","615","New Utrecht Av (N)/62 St (D)","Brooklyn","metrocard","Metrocard - Seniors & Disability","1","0","40.624844","-73.99635","POINT (-73.99635 40.624844)"
"05/11/2024 09:00:00 AM","subway","137","East 105 St (L)","Brooklyn","metrocard","Metrocard - Fair Fare","2","0","40.650574","-73.89948","POINT (-73.89948 40.650574)"
"05/11/2024 12:00:00 AM","subway","461","Queensboro Plaza (7,N,W)","Queens","metrocard","Metrocard - Other","4","0","40.750584","-73.9402","POINT (-73.9402 40.750584)"
"05/11/2024 11:00:00 AM","subway","295","231 St (1)","Bronx","metrocard","Metrocard - Unlimited 7-Day","25","0","40.878857","-73.90483","POINT (-73.90483 40.878857)"
"05/11/2024 10:00:00 AM","subway","405","23 St (6)","Manhattan","metrocard","Metrocard - Unlimited 30-Day","17","0","40.739864","-73.9866","POINT (-73.9866 40.739864)"
"05/11/2024 01:00:00 PM","subway","451","Junction Blvd (7)","Queens","omny","OMNY - Full Fare","385","8","40.749146","-73.86953","POINT (-73.86953 40.749146)"
"05/11/2024 12:00:00 PM","subway","77","Kings Hwy (N)","Brooklyn","omny","OMNY - Full Fare","60","2","40.603924","-73.980354","POINT (-73.980354 40.603924)"
"05/11/2024 12:00:00 PM","subway","125","Morgan Av (L)","Brooklyn","omny","OMNY - Full Fare","237","0","40.706154","-73.93314","POINT (-73.93314 40.706154)"
"05/11/2024 07:00:00 AM","subway","179","Nostrand Av (A,C)","Brooklyn","omny","OMNY - Full Fare","164","6","40.68044","-73.950424","POINT (-73.950424 40.68044)"
"05/11/2024 10:00:00 AM","subway","79","86 St (N)","Brooklyn","omny","OMNY - Full Fare","31","1","40.59272","-73.97823","POINT (-73.97823 40.59272)"
"05/11/2024 11:00:00 PM","subway","420","219 St (2,5)","Bronx","metrocard","Metrocard - Fair Fare","1","0","40.883896","-73.86263","POINT (-73.86263 40.883896)"
"05/11/2024 04:00:00 PM","subway","249","Avenue P (F)","Brooklyn","metrocard","Metrocard - Seniors & Disability","1","0","40.608944","-73.97302","POINT (-73.97302 40.608944)"
"05/11/2024 07:00:00 AM","subway","382","Fordham Rd (4)","Bronx","metrocard","Metrocard - Other","11","0","40.862804","-73.90103","POINT (-73.90103 40.862804)"
"05/11/2024 07:00:00 AM","subway","282","21 St (G)","Queens","metrocard","Metrocard - Full Fare","1","0","40.744064","-73.94972","POINT (-73.94972 40.744064)"
"05/11/2024 03:00:00 PM","subway","243","Church Av (F,G)","Brooklyn","metrocard","Metrocard - Unlimited 7-Day","18","0","40.64404","-73.979675","POINT (-73.979675 40.64404)"
"05/11/2024 02:00:00 PM","subway","97","Myrtle Av (M,J,Z)","Brooklyn","omny","OMNY - Seniors & Disability","1","0","40.69721","-73.93565","POINT (-73.93565 40.69721)"
"05/11/2024 03:00:00 PM","subway","84","85 St-Forest Pkwy (J)","Queens","metrocard","Metrocard - Other","2","0","40.692436","-73.86001","POINT (-73.86001 40.692436)"
"05/11/2024 02:00:00 AM","subway","118","3 Av (L)","Manhattan","metrocard","Metrocard - Other","1","0","40.73285","-73.98612","POINT (-73.98612 40.73285)"
"05/11/2024 12:00:00 AM","subway","225","47-50 Sts-Rockefeller Ctr (B,D,F,M)","Manhattan","omny","OMNY - Full Fare","310","0","40.758663","-73.98133","POINT (-73.98133 40.758663)"
"05/11/2024 08:00:00 PM","subway","129","Halsey St (L)","Queens","omny","OMNY - Seniors & Disability","1","0","40.695602","-73.90408","POINT (-73.90408 40.695602)"
"05/11/2024 01:00:00 AM","subway","601","14 St (F,M,1,2,3)/6 Av (L)","Manhattan","metrocard","Metrocard - Unlimited 30-Day","16","0","40.738228","-73.99621","POINT (-73.99621 40.738228)"
"05/11/2024 01:00:00 AM","subway","113","Knickerbocker Av (M)","Brooklyn","metrocard","Metrocard - Unlimited 7-Day","1","0","40.698666","-73.91971","POINT (-73.91971 40.698666)"
"05/11/2024 02:00:00 AM","subway","394","110 St (6)","Manhattan","metrocard","Metrocard - Unlimited 7-Day","2","0","40.79502","-73.94425","POINT (-73.94425 40.79502)"
"05/11/2024 11:00:00 PM","subway","298","207 St (1)","Manhattan","metrocard","Metrocard - Unlimited 30-Day","5","0","40.86462","-73.91882","POINT (-73.91882 40.86462)"
"05/11/2024 03:00:00 AM","subway","427","West Farms Sq-E Tremont Av (2,5)","Bronx","omny","OMNY - Full Fare","4","1","40.840294","-73.88005","POINT (-73.88005 40.840294)"
"05/11/2024 01:00:00 PM","subway","259","Kew Gardens-Union Tpke (E,F)","Queens","metrocard","Metrocard - Fair Fare","18","1","40.71444","-73.83101","POINT (-73.83101 40.71444)"
"05/11/2024 05:00:00 PM","subway","79","86 St (N)","Brooklyn","omny","OMNY - Full Fare","25","4","40.59272","-73.97823","POINT (-73.97823 40.59272)"
"05/11/2024 08:00:00 AM","subway","442","Eastchester-Dyre Av (5)","Bronx","metrocard","Metrocard - Seniors & Disability","5","1","40.8883","-73.83083","POINT (-73.83083 40.8883)"
"05/11/2024 07:00:00 AM","subway","427","West Farms Sq-E Tremont Av (2,5)","Bronx","metrocard","Metrocard - Unlimited 30-Day","10","0","40.840294","-73.88005","POINT (-73.88005 40.840294)"
"05/11/2024 01:00:00 AM","subway","6","39 Av-Dutch Kills (N,W)","Queens","metrocard","Metrocard - Seniors & Disability","1","0","40.75288","-73.932755","POINT (-73.932755 40.75288)"
"05/11/2024 02:00:00 AM","subway","306","125 St (1)","Manhattan","omny","OMNY - Full Fare","4","0","40.815582","-73.958374","POINT (-73.958374 40.815582)"
"05/11/2024 08:00:00 PM","subway","155","Cathedral Pkwy (110 St) (C,B)","Manhattan","omny","OMNY - Full Fare","118","0","40.800602","-73.95816","POINT (-73.95816 40.800602)"
"05/11/2024 12:00:00 PM","subway","8","5 Av/59 St (N,R,W)","Manhattan","metrocard","Metrocard - Seniors & Disability","10","2","40.764812","-73.97335","POINT (-73.97335 40.764812)"
"05/11/2024 07:00:00 AM","subway","300","191 St (1)","Manhattan","metrocard","Metrocard - Other","6","0","40.855225","-73.92941","POINT (-73.92941 40.855225)"
"05/11/2024 04:00:00 PM","subway","131","Bushwick Av-Aberdeen St (L)","Brooklyn","metrocard","Metrocard - Full Fare","4","0","40.68283","-73.90525","POINT (-73.90525 40.68283)"
"05/11/2024 04:00:00 PM","subway","93","Chauncey St (J,Z)","Brooklyn","omny","OMNY - Full Fare","70","1","40.68289","-73.91045","POINT (-73.91045 40.68289)"
"05/11/2024 05:00:00 PM","subway","431","Intervale Av (2,5)","Bronx","metrocard","Metrocard - Full Fare","5","0","40.82218","-73.896736","POINT (-73.896736 40.82218)"
"05/11/2024 07:00:00 AM","subway","388","167 St (4)","Bronx","omny","OMNY - Full Fare","106","7","40.835537","-73.9214","POINT (-73.9214 40.835537)"
"05/11/2024 02:00:00 PM","subway","14","23 St (R,W)","Manhattan","metrocard","Metrocard - Students","4","0","40.741302","-73.98934","POINT (-73.98934 40.741302)"
"05/11/2024 08:00:00 PM","subway","141","Park Pl (S)","Brooklyn","metrocard","Metrocard - Unlimited 7-Day","3","0","40.67477","-73.95763","POINT (-73.95763 40.67477)"
"05/11/2024 04:00:00 PM","subway","395","103 St (6)","Manhattan","metrocard","Metrocard - Unlimited 7-Day","40","0","40.7906","-73.94748","POINT (-73.94748 40.7906)"
"05/11/2024 01:00:00 PM","subway","9","57 St-7 Av (N,Q,R,W)","Manhattan","metrocard","Metrocard - Unlimited 30-Day","80","0","40.764664","-73.98066","POINT (-73.98066 40.764664)"
"05/11/2024 06:00:00 PM","subway","616","74-Broadway (7)/Jackson Hts-Roosevelt Av (E,F,M,R)","Queens","omny","OMNY - Full Fare","877","62","40.74685","-73.891335","POINT (-73.891335 40.74685)"
"05/11/2024 05:00:00 PM","subway","108","Middle Village-Metropolitan Av (M)","Queens","metrocard","Metrocard - Other","9","0","40.711395","-73.8896","POINT (-73.8896 40.711395)"
"05/11/2024 04:00:00 PM","subway","55","Brighton Beach (B,Q)","Brooklyn","omny","OMNY - Full Fare","152","13","40.57762","-73.96137","POINT (-73.96137 40.57762)"
"05/11/2024 02:00:00 PM","subway","204","Beach 67 St (A)","Queens","metrocard","Metrocard - Unlimited 7-Day","1","0","40.590927","-73.79692","POINT (-73.79692 40.590927)"
"05/11/2024 07:00:00 PM","subway","189","Grant Av (A)","Brooklyn","metrocard","Metrocard - Other","3","0","40.677044","-73.86505","POINT (-73.86505 40.677044)"
"05/11/2024 05:00:00 PM","subway","628","Fulton St (A,C,J,Z,2,3,4,5)","Manhattan","metrocard","Metrocard - Full Fare","549","0","40.710373","-74.00657","POINT (-74.00657 40.710373)"
"05/11/2024 08:00:00 AM","subway","629","Lorimer St (L)/Metropolitan Av (G)","Brooklyn","omny","OMNY - Seniors & Disability","1","0","40.71406","-73.95027","POINT (-73.95027 40.71406)"
"05/11/2024 01:00:00 PM","subway","26","DeKalb Av (B,Q,R)","Brooklyn","metrocard","Metrocard - Students","30","0","40.690636","-73.98183","POINT (-73.98183 40.690636)"
"05/11/2024 10:00:00 AM","subway","608","4 Av (F,G)/9 St (R)","Brooklyn","metrocard","Metrocard - Fair Fare","19","1","40.67085","-73.988304","POINT (-73.988304 40.67085)"
"05/11/2024 12:00:00 PM","subway","194","111 St (A)","Queens","omny","OMNY - Full Fare","14","1","40.68433","-73.83216","POINT (-73.83216 40.68433)"
"05/11/2024 09:00:00 AM","subway","340","Grand Army Plaza (2,3)","Brooklyn","metrocard","Metrocard - Seniors & Disability","11","0","40.675236","-73.97105","POINT (-73.97105 40.675236)"
"05/11/2024 10:00:00 AM","subway","67","20 Av (D)","Brooklyn","metrocard","Metrocard - Students","1","0","40.604557","-73.99817","POINT (-73.99817 40.604557)"
"05/11/2024 03:00:00 PM","subway","321","18 St (1)","Manhattan","metrocard","Metrocard - Unlimited 7-Day","25","0","40.74104","-73.99787","POINT (-73.99787 40.74104)"
"05/11/2024 02:00:00 PM","subway","192","Rockaway Blvd (A)","Queens","metrocard","Metrocard - Students","1","0","40.680428","-73.84386","POINT (-73.84386 40.680428)"
"05/11/2024 12:00:00 AM","subway","318","34 St-Penn Station (1,2,3)","Manhattan","metrocard","Metrocard - Unlimited 30-Day","38","0","40.750374","-73.99106","POINT (-73.99106 40.750374)"
"05/11/2024 04:00:00 PM","subway","622","Brooklyn Bridge-City Hall (4,5,6)/Chambers St (J,Z)","Manhattan","omny","OMNY - Seniors & Disability","3","0","40.713066","-74.00413","POINT (-74.00413 40.713066)"
"05/11/2024 09:00:00 PM","subway","450","103 St-Corona Plaza (7)","Queens","metrocard","Metrocard - Unlimited 7-Day","79","0","40.749866","-73.8627","POINT (-73.8627 40.749866)"
"05/11/2024 09:00:00 PM","subway","111","Seneca Av (M)","Queens","metrocard","Metrocard - Unlimited 7-Day","6","0","40.702763","-73.90774","POINT (-73.90774 40.702763)"
"05/11/2024 08:00:00 AM","subway","463","Hunters Point Av (7)","Queens","metrocard","Metrocard - Full Fare","9","3","40.742214","-73.94891","POINT (-73.94891 40.742214)"
"05/11/2024 01:00:00 AM","subway","164","34 St-Penn Station (A,C,E)","Manhattan","metrocard","Metrocard - Seniors & Disability","2","0","40.75229","-73.99339","POINT (-73.99339 40.75229)"
"05/11/2024 12:00:00 PM","subway","276","5 Av/53 St (E,M)","Manhattan","metrocard","Metrocard - Fair Fare","6","0","40.760166","-73.97523","POINT (-73.97523 40.760166)"
"05/11/2024 02:00:00 AM","subway","366","Parkchester (6)","Bronx","metrocard","Metrocard - Other","1","0","40.833225","-73.86082","POINT (-73.86082 40.833225)"
"05/11/2024 09:00:00 AM","subway","352","New Lots Av (3)","Brooklyn","metrocard","Metrocard - Full Fare","20","4","40.666237","-73.88408","POINT (-73.88408 40.666237)"
"05/11/2024 10:00:00 PM","subway","83","Woodhaven Blvd (J,Z)","Queens","omny","OMNY - Full Fare","7","1","40.69388","-73.85158","POINT (-73.85158 40.69388)"
"05/11/2024 06:00:00 PM","subway","621","Broadway Junction (A,C,J,L,Z)","Brooklyn","metrocard","Metrocard - Full Fare","25","6","40.678333","-73.90532","POINT (-73.90532 40.678333)"
"05/11/2024 10:00:00 AM","subway","321","18 St (1)","Manhattan","metrocard","Metrocard - Seniors & Disability","7","0","40.74104","-73.99787","POINT (-73.99787 40.74104)"
"05/11/2024 01:00:00 PM","subway","296","Marble Hill-225 St (1)","Manhattan","metrocard","Metrocard - Unlimited 7-Day","19","0","40.87456","-73.90983","POINT (-73.90983 40.87456)"
"05/11/2024 05:00:00 PM","subway","44","Church Av (B,Q)","Brooklyn","metrocard","Metrocard - Students","3","2","40.650528","-73.96298","POINT (-73.96298 40.650528)"
"05/11/2024 11:00:00 PM","subway","190","80 St (A)","Queens","metrocard","Metrocard - Other","3","0","40.67937","-73.85899","POINT (-73.85899 40.67937)"
"05/11/2024 07:00:00 AM","subway","177","Clinton-Washington Avs (C)","Brooklyn","metrocard","Metrocard - Full Fare","6","0","40.68326","-73.965836","POINT (-73.965836 40.68326)"
"05/11/2024 07:00:00 AM","subway","182","Ralph Av (C)","Brooklyn","metrocard","Metrocard - Unlimited 30-Day","8","0","40.67882","-73.920784","POINT (-73.920784 40.67882)"
"05/11/2024 08:00:00 AM","subway","363","Westchester Sq-E Tremont Av (6)","Bronx","metrocard","Metrocard - Unlimited 30-Day","9","0","40.839893","-73.84295","POINT (-73.84295 40.839893)"
"05/11/2024 03:00:00 AM","subway","265","Grand Av-Newtown (M,R)","Queens","metrocard","Metrocard - Unlimited 30-Day","4","0","40.737015","-73.87722","POINT (-73.87722 40.737015)"
"05/11/2024 01:00:00 PM","subway","165","23 St (C,E)","Manhattan","omny","OMNY - Full Fare","239","3","40.745907","-73.99804","POINT (-73.99804 40.745907)"
"05/11/2024 05:00:00 AM","subway","31","25 St (R)","Brooklyn","omny","OMNY - Full Fare","6","0","40.660397","-73.99809","POINT (-73.99809 40.660397)"
"05/11/2024 04:00:00 PM","subway","88","Norwood Av (J,Z)","Brooklyn","metrocard","Metrocard - Other","3","0","40.68141","-73.880035","POINT (-73.880035 40.68141)"
"05/11/2024 01:00:00 AM","subway","621","Broadway Junction (A,C,J,L,Z)","Brooklyn","metrocard","Metrocard - Other","16","0","40.678333","-73.90532","POINT (-73.90532 40.678333)"
"05/11/2024 10:00:00 AM","subway","379","Mosholu Pkwy (4)","Bronx","metrocard","Metrocard - Fair Fare","9","1","40.87975","-73.88466","POINT (-73.88466 40.87975)"
"05/11/2024 08:00:00 AM","subway","629","Lorimer St (L)/Metropolitan Av (G)","Brooklyn","metrocard","Metrocard - Other","7","0","40.71406","-73.95027","POINT (-73.95027 40.71406)"
"05/11/2024 02:00:00 PM","subway","628","Fulton St (A,C,J,Z,2,3,4,5)","Manhattan","metrocard","Metrocard - Full Fare","532","0","40.710373","-74.00657","POINT (-74.00657 40.710373)"
"05/11/2024 03:00:00 PM","subway","189","Grant Av (A)","Brooklyn","metrocard","Metrocard - Seniors & Disability","4","0","40.677044","-73.86505","POINT (-73.86505 40.677044)"
"05/11/2024 07:00:00 AM","subway","617","Atlantic Av-Barclays Ctr (B,D,N,Q,R,2,3,4,5)","Brooklyn","omny","OMNY - Seniors & Disability","4","0","40.68436","-73.97767","POINT (-73.97767 40.68436)"
"05/11/2024 10:00:00 AM","subway","192","Rockaway Blvd (A)","Queens","metrocard","Metrocard - Seniors & Disability","23","9","40.680428","-73.84386","POINT (-73.84386 40.680428)"
"05/11/2024 12:00:00 PM","subway","201","Beach 98 St (A,S)","Queens","omny","OMNY - Full Fare","3","0","40.585308","-73.82056","POINT (-73.82056 40.585308)"
"05/11/2024 08:00:00 PM","subway","180","Kingston-Throop Avs (C)","Brooklyn","metrocard","Metrocard - Full Fare","20","0","40.67992","-73.94086","POINT (-73.94086 40.67992)"
"05/11/2024 04:00:00 PM","subway","36","Bay Ridge Av (R)","Brooklyn","metrocard","Metrocard - Students","7","5","40.634968","-74.02338","POINT (-74.02338 40.634968)"
"05/11/2024 05:00:00 PM","subway","436","Harlem-148 St (3)","Manhattan","omny","OMNY - Seniors & Disability","1","0","40.82388","-73.93647","POINT (-73.93647 40.82388)"
"05/11/2024 03:00:00 PM","subway","248","Avenue N (F)","Brooklyn","omny","OMNY - Full Fare","41","1","40.61514","-73.9742","POINT (-73.9742 40.61514)"
"05/11/2024 05:00:00 PM","subway","615","New Utrecht Av (N)/62 St (D)","Brooklyn","metrocard","Metrocard - Fair Fare","4","0","40.624844","-73.99635","POINT (-73.99635 40.624844)"
"05/11/2024 01:00:00 PM","subway","434","3 Av-149 St (2,5)","Bronx","metrocard","Metrocard - Unlimited 30-Day","38","0","40.81611","-73.917755","POINT (-73.917755 40.81611)"
"05/11/2024 03:00:00 PM","subway","344","Kingston Av (3)","Brooklyn","metrocard","Metrocard - Unlimited 30-Day","13","0","40.6694","-73.94216","POINT (-73.94216 40.6694)"
"05/11/2024 12:00:00 AM","subway","146","181 St (A)","Manhattan","metrocard","Metrocard - Unlimited 30-Day","3","0","40.851696","-73.937965","POINT (-73.937965 40.851696)"
"05/11/2024 01:00:00 PM","subway","471","34 St-Hudson Yards (7)","Manhattan","metrocard","Metrocard - Full Fare","129","0","40.755882","-74.00191","POINT (-74.00191 40.755882)"
"05/11/2024 02:00:00 PM","subway","84","85 St-Forest Pkwy (J)","Queens","metrocard","Metrocard - Other","4","0","40.692436","-73.86001","POINT (-73.86001 40.692436)"
"05/11/2024 08:00:00 PM","subway","224","57 St (F)","Manhattan","metrocard","Metrocard - Unlimited 30-Day","13","0","40.763973","-73.97745","POINT (-73.97745 40.763973)"
"05/11/2024 02:00:00 PM","subway","66","18 Av (D)","Brooklyn","metrocard","Metrocard - Other","7","0","40.607952","-74.00174","POINT (-74.00174 40.607952)"
"05/11/2024 03:00:00 AM","subway","192","Rockaway Blvd (A)","Queens","metrocard","Metrocard - Fair Fare","3","0","40.680428","-73.84386","POINT (-73.84386 40.680428)"
"05/11/2024 09:00:00 PM","subway","393","116 St (6)","Manhattan","metrocard","Metrocard - Unlimited 7-Day","23","0","40.79863","-73.94162","POINT (-73.94162 40.79863)"
"05/11/2024 10:00:00 AM","subway","298","207 St (1)","Manhattan","metrocard","Metrocard - Other","5","2","40.86462","-73.91882","POINT (-73.91882 40.86462)"
"05/11/2024 06:00:00 AM","subway","100","Hewes St (M,J)","Brooklyn","metrocard","Metrocard - Other","1","0","40.70687","-73.95343","POINT (-73.95343 40.70687)"
"05/11/2024 06:00:00 PM","subway","364","Zerega Av (6)","Bronx","metrocard","Metrocard - Unlimited 30-Day","1","0","40.836487","-73.84704","POINT (-73.84704 40.836487)"
"05/11/2024 04:00:00 PM","subway","602","14 St-Union Sq (L,N,Q,R,W,4,5,6)","Manhattan","metrocard","Metrocard - Full Fare","662","17","40.735737","-73.98995","POINT (-73.98995 40.735737)"
"05/11/2024 06:00:00 PM","subway","94","Halsey St (J)","Brooklyn","metrocard","Metrocard - Unlimited 7-Day","12","0","40.68637","-73.91656","POINT (-73.91656 40.68637)"
"05/11/2024 11:00:00 PM","subway","110","Forest Av (M)","Queens","metrocard","Metrocard - Fair Fare","2","0","40.704422","-73.903076","POINT (-73.903076 40.704422)"
"05/11/2024 02:00:00 PM","subway","425","Bronx Park East (2,5)","Bronx","metrocard","Metrocard - Students","1","0","40.848827","-73.868454","POINT (-73.868454 40.848827)"
"05/11/2024 09:00:00 AM","subway","183","Rockaway Av (C)","Brooklyn","omny","OMNY - Full Fare","88","0","40.67834","-73.91195","POINT (-73.91195 40.67834)"
"05/11/2024 03:00:00 PM","subway","357","Beverly Rd (2,5)","Brooklyn","metrocard","Metrocard - Fair Fare","5","0","40.6451","-73.94896","POINT (-73.94896 40.6451)"
"05/11/2024 08:00:00 PM","subway","356","Church Av (2,5)","Brooklyn","omny","OMNY - Full Fare","74","1","40.650845","-73.94958","POINT (-73.94958 40.650845)"
"05/11/2024 12:00:00 PM","subway","630","Myrtle-Wyckoff Avs (L,M)","Brooklyn","omny","OMNY - Seniors & Disability","1","0","40.699814","-73.91158","POINT (-73.91158 40.699814)"
"05/11/2024 06:00:00 PM","subway","38","86 St (R)","Brooklyn","metrocard","Metrocard - Seniors & Disability","13","8","40.62269","-74.0284","POINT (-74.0284 40.62269)"
"05/11/2024 11:00:00 PM","subway","476","86 St (Q)","Manhattan","metrocard","Metrocard - Unlimited 30-Day","28","0","40.77789","-73.95179","POINT (-73.95179 40.77789)"
"05/11/2024 01:00:00 PM","subway","603","149 St-Grand Concourse (2,4,5)","Bronx","metrocard","Metrocard - Full Fare","40","5","40.818375","-73.92735","POINT (-73.92735 40.818375)"
"05/11/2024 05:00:00 PM","subway","173","High St (A,C)","Brooklyn","metrocard","Metrocard - Full Fare","116","0","40.699337","-73.99053","POINT (-73.99053 40.699337)"
"05/11/2024 06:00:00 AM","subway","396","96 St (6)","Manhattan","metrocard","Metrocard - Unlimited 30-Day","7","0","40.78567","-73.95107","POINT (-73.95107 40.78567)"
"05/11/2024 10:00:00 AM","subway","310","96 St (1,2,3)","Manhattan","metrocard","Metrocard - Other","43","1","40.79392","-73.97232","POINT (-73.97232 40.79392)"
"05/11/2024 01:00:00 PM","subway","394","110 St (6)","Manhattan","metrocard","Metrocard - Seniors & Disability","7","0","40.79502","-73.94425","POINT (-73.94425 40.79502)"
"05/11/2024 07:00:00 PM","subway","1","Astoria-Ditmars Blvd (N,W)","Queens","omny","OMNY - Full Fare","201","3","40.775036","-73.91203","POINT (-73.91203 40.775036)"
"05/11/2024 12:00:00 AM","subway","436","Harlem-148 St (3)","Manhattan","metrocard","Metrocard - Other","2","0","40.82388","-73.93647","POINT (-73.93647 40.82388)"
"05/11/2024 04:00:00 AM","subway","471","34 St-Hudson Yards (7)","Manhattan","metrocard","Metrocard - Full Fare","12","0","40.755882","-74.00191","POINT (-74.00191 40.755882)"
"05/11/2024 06:00:00 PM","subway","352","New Lots Av (3)","Brooklyn","metrocard","Metrocard - Seniors & Disability","2","0","40.666237","-73.88408","POINT (-73.88408 40.666237)"
"05/11/2024 04:00:00 AM","subway","48","Avenue H (Q)","Brooklyn","metrocard","Metrocard - Unlimited 30-Day","2","0","40.62927","-73.96164","POINT (-73.96164 40.62927)"
"05/11/2024 02:00:00 AM","subway","165","23 St (C,E)","Manhattan","metrocard","Metrocard - Unlimited 30-Day","2","0","40.745907","-73.99804","POINT (-73.99804 40.745907)"
"05/11/2024 07:00:00 PM","subway","625","Delancey St (F)/Essex St (J,M,Z)","Manhattan","metrocard","Metrocard - Full Fare","106","6","40.718613","-73.987434","POINT (-73.987434 40.718613)"
"05/11/2024 05:00:00 AM","subway","613","Lexington Av (N,R,W)/59 St (4,5,6)","Manhattan","metrocard","Metrocard - Unlimited 7-Day","10","0","40.76266","-73.967255","POINT (-73.967255 40.76266)"
"05/11/2024 07:00:00 AM","subway","458","46 St-Bliss St (7)","Queens","metrocard","Metrocard - Full Fare","46","0","40.743134","-73.918434","POINT (-73.918434 40.743134)"
"05/11/2024 01:00:00 AM","subway","617","Atlantic Av-Barclays Ctr (B,D,N,Q,R,2,3,4,5)","Brooklyn","metrocard","Metrocard - Fair Fare","9","0","40.68446","-73.97689","POINT (-73.97689 40.68446)"
"05/11/2024 03:00:00 AM","subway","448","Mets-Willets Point (7)","Queens","metrocard","Metrocard - Other","3","0","40.754623","-73.84563","POINT (-73.84563 40.754623)"
"05/11/2024 04:00:00 AM","subway","207","Beach 36 St (A)","Queens","metrocard","Metrocard - Full Fare","1","0","40.595398","-73.76817","POINT (-73.76817 40.595398)"
"05/11/2024 11:00:00 AM","subway","181","Utica Av (A,C)","Brooklyn","metrocard","Metrocard - Unlimited 7-Day","32","0","40.679363","-73.93073","POINT (-73.93073 40.679363)"
"05/11/2024 09:00:00 AM","subway","51","Kings Hwy (B,Q)","Brooklyn","metrocard","Metrocard - Unlimited 7-Day","39","0","40.60867","-73.95773","POINT (-73.95773 40.60867)"
"05/11/2024 12:00:00 AM","subway","80","121 St (J,Z)","Queens","metrocard","Metrocard - Full Fare","2","2","40.700493","-73.82829","POINT (-73.82829 40.700493)"
"05/11/2024 01:00:00 PM","subway","254","Jamaica-179 St (F)","Queens","omny","OMNY - Seniors & Disability","2","0","40.712646","-73.78381","POINT (-73.78381 40.712646)"
"05/11/2024 11:00:00 PM","subway","164","34 St-Penn Station (A,C,E)","Manhattan","metrocard","Metrocard - Full Fare","80","2","40.75229","-73.99339","POINT (-73.99339 40.75229)"
"05/11/2024 01:00:00 PM","subway","438","135 St (2,3)","Manhattan","metrocard","Metrocard - Students","5","0","40.814228","-73.94077","POINT (-73.94077 40.814228)"
"05/11/2024 10:00:00 PM","subway","60","Fort Hamilton Pkwy (D)","Brooklyn","metrocard","Metrocard - Unlimited 7-Day","2","0","40.640915","-73.9943","POINT (-73.9943 40.640915)"
"05/11/2024 02:00:00 AM","subway","625","Delancey St (F)/Essex St (J,M,Z)","Manhattan","metrocard","Metrocard - Fair Fare","6","0","40.718613","-73.987434","POINT (-73.987434 40.718613)"
"05/11/2024 02:00:00 PM","subway","399","68 St-Hunter College (6)","Manhattan","omny","OMNY - Full Fare","479","11","40.768143","-73.96387","POINT (-73.96387 40.768143)"
"05/11/2024 03:00:00 AM","subway","5","36 Av (N,W)","Queens","omny","OMNY - Full Fare","2","0","40.756805","-73.92957","POINT (-73.92957 40.756805)"
"05/11/2024 10:00:00 PM","subway","396","96 St (6)","Manhattan","metrocard","Metrocard - Seniors & Disability","4","1","40.78567","-73.95107","POINT (-73.95107 40.78567)"
"05/11/2024 07:00:00 AM","subway","625","Delancey St (F)/Essex St (J,M,Z)","Manhattan","metrocard","Metrocard - Fair Fare","20","0","40.718613","-73.987434","POINT (-73.987434 40.718613)"
"05/11/2024 12:00:00 PM","subway","136","New Lots Av (L)","Brooklyn","metrocard","Metrocard - Seniors & Disability","2","1","40.658733","-73.89923","POINT (-73.89923 40.658733)"
"05/11/2024 03:00:00 PM","subway","336","Hoyt St (2,3)","Brooklyn","omny","OMNY - Seniors & Disability","3","0","40.690544","-73.98506","POINT (-73.98506 40.690544)"
"05/11/2024 09:00:00 AM","subway","68","Bay Pkwy (D)","Brooklyn","metrocard","Metrocard - Other","12","1","40.601875","-73.99373","POINT (-73.99373 40.601875)"
"05/11/2024 08:00:00 PM","subway","6","39 Av-Dutch Kills (N,W)","Queens","metrocard","Metrocard - Unlimited 30-Day","5","0","40.75288","-73.932755","POINT (-73.932755 40.75288)"
"05/11/2024 03:00:00 PM","subway","298","207 St (1)","Manhattan","metrocard","Metrocard - Unlimited 30-Day","17","0","40.86462","-73.91882","POINT (-73.91882 40.86462)"
"05/11/2024 09:00:00 PM","subway","249","Avenue P (F)","Brooklyn","metrocard","Metrocard - Fair Fare","1","0","40.608944","-73.97302","POINT (-73.97302 40.608944)"
"05/11/2024 09:00:00 AM","subway","34","53 St (R)","Brooklyn","metrocard","Metrocard - Fair Fare","26","2","40.64507","-74.01403","POINT (-74.01403 40.64507)"
"05/11/2024 02:00:00 AM","subway","168","Spring St (C,E)","Manhattan","metrocard","Metrocard - Fair Fare","1","0","40.726227","-74.00374","POINT (-74.00374 40.726227)"
"05/11/2024 04:00:00 AM","subway","127","DeKalb Av (L)","Brooklyn","metrocard","Metrocard - Unlimited 30-Day","3","0","40.70381","-73.91843","POINT (-73.91843 40.70381)"
"05/11/2024 10:00:00 AM","subway","209","Far Rockaway-Mott Av (A)","Queens","metrocard","Metrocard - Full Fare","6","0","40.603996","-73.7554","POINT (-73.7554 40.603996)"
